pair,month,minutes,hole,crossed_minutes,bid_match,ask_match,quality,included,triangulation_pips
EURUSD,2019-01,31786,False,0,1.0,1.0,True,True,
EURUSD,2019-02,28792,False,0,1.0,1.0,True,True,
EURUSD,2019-03,30229,False,0,1.0,1.0,True,True,
EURUSD,2019-04,31666,False,0,1.0,1.0,True,True,
EURUSD,2019-05,32210,False,0,1.0,1.0,True,True,
EURUSD,2019-06,28968,False,0,1.0,1.0,True,True,
EURUSD,2019-07,33103,False,0,1.0,1.0,True,True,
EURUSD,2019-08,31487,False,0,1.0,1.0,True,True,
EURUSD,2019-09,30376,False,0,0.998,0.998,True,True,
EURUSD,2019-10,33098,False,0,1.0,1.0,True,True,
EURUSD,2019-11,30030,False,0,1.0,1.0,True,True,
EURUSD,2019-12,30726,False,0,0.9981,0.9981,True,True,
EURUSD,2020-01,31653,False,0,1.0,1.0,True,True,
EURUSD,2020-02,28705,False,0,0.9979,0.9979,True,True,
EURUSD,2020-03,31765,False,0,1.0,1.0,True,True,
EURUSD,2020-04,31614,False,0,1.0,1.0,True,True,
EURUSD,2020-05,30166,False,0,1.0,1.0,True,True,
EURUSD,2020-06,31585,False,0,1.0,1.0,True,True,
EURUSD,2020-07,32790,False,0,1.0,1.0,True,True,
EURUSD,2020-08,30233,False,0,1.0,1.0,True,True,
EURUSD,2020-09,31419,False,0,1.0,1.0,True,True,
EURUSD,2020-10,31334,False,0,1.0,1.0,True,True,
EURUSD,2020-11,29095,False,0,1.0,1.0,True,True,
EURUSD,2020-12,31917,False,0,0.9981,0.9981,True,True,
EURUSD,2021-01,28775,False,0,1.0,1.0,True,True,
EURUSD,2021-02,28613,False,0,1.0,1.0,True,True,
EURUSD,2021-03,32930,False,0,1.0,1.0,True,True,
EURUSD,2021-04,31081,False,0,1.0,1.0,True,True,
EURUSD,2021-05,28870,False,0,1.0,1.0,True,True,
EURUSD,2021-06,31309,False,0,1.0,1.0,True,True,
EURUSD,2021-07,31223,False,0,1.0,1.0,True,True,
EURUSD,2021-08,31268,False,0,1.0,1.0,True,True,
EURUSD,2021-09,31274,False,0,1.0,1.0,True,True,
EURUSD,2021-10,29888,False,0,1.0,1.0,True,True,
EURUSD,2021-11,31466,False,0,1.0,1.0,True,True,
EURUSD,2021-12,32746,False,0,1.0,1.0,True,True,
EURUSD,2022-01,30172,False,0,1.0,1.0,True,True,
EURUSD,2022-02,28690,False,0,1.0,1.0,True,True,
EURUSD,2022-03,33034,False,0,1.0,1.0,True,True,
EURUSD,2022-04,29948,False,0,1.0,1.0,True,True,
EURUSD,2022-05,31690,False,0,1.0,1.0,True,True,
EURUSD,2022-06,31528,False,0,0.9962,0.9962,True,True,
EURUSD,2022-07,30124,False,0,1.0,1.0,True,True,
EURUSD,2022-08,33036,False,0,1.0,1.0,True,True,
EURUSD,2022-09,31418,False,0,0.9981,0.9981,True,True,
EURUSD,2022-10,30261,False,0,0.996,0.996,True,True,
EURUSD,2022-11,31537,False,0,0.9943,0.9943,True,True,
EURUSD,2022-12,31368,False,0,1.0,1.0,True,True,
EURUSD,2023-01,31523,False,0,1.0,1.0,True,True,
EURUSD,2023-02,25670,True,0,1.0,1.0,True,False,
EURUSD,2023-03,23206,True,0,0.9949,0.9949,True,False,
EURUSD,2023-04,19933,True,0,0.994,0.994,True,False,
EURUSD,2023-05,23354,True,0,1.0,1.0,True,False,
EURUSD,2023-06,22073,True,0,1.0,1.0,True,False,
EURUSD,2023-07,21864,True,0,0.9945,0.9945,True,False,
EURUSD,2023-08,32987,False,0,1.0,1.0,True,True,
EURUSD,2023-09,29774,False,0,0.984,0.986,False,False,
EURUSD,2023-10,31762,False,0,1.0,1.0,True,True,
EURUSD,2023-11,31501,False,0,1.0,1.0,True,True,
EURUSD,2023-12,28932,False,0,0.9938,0.9959,True,True,
EURUSD,2024-01,31403,False,0,1.0,1.0,True,True,
EURUSD,2024-02,30144,False,0,1.0,1.0,True,True,
EURUSD,2024-03,30084,False,0,1.0,1.0,True,True,
EURUSD,2024-04,31511,False,0,1.0,1.0,True,True,
EURUSD,2024-05,32658,False,0,1.0,1.0,True,True,
EURUSD,2024-06,28714,False,0,1.0,1.0,True,True,
EURUSD,2024-07,32843,False,0,1.0,1.0,True,True,
EURUSD,2024-08,31396,False,0,1.0,1.0,True,True,
EURUSD,2024-09,30248,False,0,1.0,1.0,True,True,
EURUSD,2024-10,32948,False,0,1.0,1.0,True,True,
EURUSD,2024-11,30016,False,0,1.0,1.0,True,True,
EURUSD,2024-12,30415,False,0,0.9981,0.9981,True,True,
EURUSD,2025-01,31604,False,0,1.0,1.0,True,True,
EURUSD,2025-02,28731,False,0,0.9979,0.9979,True,True,
EURUSD,2025-03,30287,False,0,0.998,0.998,True,True,
EURUSD,2025-04,31613,False,0,0.9981,0.9981,True,True,
EURUSD,2025-05,31456,False,0,1.0,1.0,True,True,
EURUSD,2025-06,30347,False,0,1.0,1.0,True,True,
EURUSD,2025-07,33040,False,0,1.0,1.0,True,True,
EURUSD,2025-08,30138,False,0,1.0,1.0,True,True,
EURUSD,2025-09,31542,False,0,1.0,1.0,True,True,
EURUSD,2025-10,32832,False,0,0.9982,0.9982,True,True,
EURUSD,2025-11,28787,False,0,1.0,1.0,True,True,
EURUSD,2025-12,31648,False,0,1.0,1.0,True,True,
EURUSD,2026-01,30150,False,0,1.0,1.0,True,True,
EURUSD,2026-02,28704,False,0,1.0,1.0,True,True,
EURUSD,2026-03,31740,False,0,1.0,1.0,True,True,
EURUSD,2026-04,31532,False,0,0.9981,0.9981,True,True,
EURUSD,2026-05,29546,False,0,1.0,1.0,True,True,
EURUSD,2026-06,31521,False,0,1.0,1.0,True,True,
EURUSD,2026-07,32774,False,0,0.9982,0.9982,True,True,
EURUSD,2026-08,30257,False,0,0.996,0.998,True,True,
EURUSD,2026-09,240,True,0,0.0,0.0,False,False,
GBPUSD,2019-01,31770,False,0,1.0,1.0,True,True,
GBPUSD,2019-02,28780,False,0,1.0,1.0,True,True,
GBPUSD,2019-03,30233,False,0,1.0,1.0,True,True,
GBPUSD,2019-04,31642,False,0,1.0,1.0,True,True,
GBPUSD,2019-05,32194,False,0,1.0,1.0,True,True,
GBPUSD,2019-06,28954,False,0,1.0,1.0,True,True,
GBPUSD,2019-07,33074,False,0,1.0,1.0,True,True,
GBPUSD,2019-08,31465,False,0,1.0,1.0,True,True,
GBPUSD,2019-09,30362,False,0,0.998,0.998,True,True,
GBPUSD,2019-10,33097,False,0,1.0,1.0,True,True,
GBPUSD,2019-11,30046,False,0,1.0,1.0,True,True,
GBPUSD,2019-12,30720,False,0,0.9981,0.9981,True,True,
GBPUSD,2020-01,31669,False,0,1.0,1.0,True,True,
GBPUSD,2020-02,28775,False,0,0.9979,0.9979,True,True,
GBPUSD,2020-03,31666,False,0,1.0,1.0,True,True,
GBPUSD,2020-04,31631,False,0,1.0,1.0,True,True,
GBPUSD,2020-05,30169,False,0,1.0,1.0,True,True,
GBPUSD,2020-06,31654,False,0,1.0,1.0,True,True,
GBPUSD,2020-07,32890,False,0,1.0,1.0,True,True,
GBPUSD,2020-08,30363,False,0,1.0,1.0,True,True,
GBPUSD,2020-09,31602,False,0,1.0,1.0,True,True,
GBPUSD,2020-10,31419,False,0,1.0,1.0,True,True,
GBPUSD,2020-11,29200,False,0,1.0,1.0,True,True,
GBPUSD,2020-12,31960,False,0,0.9981,0.9981,True,True,
GBPUSD,2021-01,28869,False,0,1.0,1.0,True,True,
GBPUSD,2021-02,28720,False,0,1.0,1.0,True,True,
GBPUSD,2021-03,33018,False,0,1.0,1.0,True,True,
GBPUSD,2021-04,31240,False,0,1.0,1.0,True,True,
GBPUSD,2021-05,28908,False,0,1.0,1.0,True,True,
GBPUSD,2021-06,31329,False,0,1.0,1.0,True,True,
GBPUSD,2021-07,31185,False,0,1.0,1.0,True,True,
GBPUSD,2021-08,31449,False,0,1.0,1.0,True,True,
GBPUSD,2021-09,31420,False,0,1.0,1.0,True,True,
GBPUSD,2021-10,30006,False,0,1.0,1.0,True,True,
GBPUSD,2021-11,31419,False,0,1.0,1.0,True,True,
GBPUSD,2021-12,32776,False,0,1.0,1.0,True,True,
GBPUSD,2022-01,30154,False,0,1.0,1.0,True,True,
GBPUSD,2022-02,28683,False,0,1.0,1.0,True,True,
GBPUSD,2022-03,32982,False,0,1.0,1.0,True,True,
GBPUSD,2022-04,29914,False,0,1.0,1.0,True,True,
GBPUSD,2022-05,31731,False,0,0.9981,0.9981,True,True,
GBPUSD,2022-06,31484,False,0,0.9962,0.9981,True,True,
GBPUSD,2022-07,30146,False,0,1.0,1.0,True,True,
GBPUSD,2022-08,32937,False,0,1.0,1.0,True,True,
GBPUSD,2022-09,31389,False,0,0.9981,0.9981,True,True,
GBPUSD,2022-10,30270,False,0,0.9941,0.9941,True,True,
GBPUSD,2022-11,31565,False,0,0.9943,0.9943,True,True,
GBPUSD,2022-12,31180,False,0,1.0,1.0,True,True,
GBPUSD,2023-01,31577,False,0,1.0,1.0,True,True,
GBPUSD,2023-02,25685,True,0,1.0,1.0,True,False,
GBPUSD,2023-03,23247,True,0,0.9974,0.9974,True,False,
GBPUSD,2023-04,19555,True,0,0.9939,0.9939,True,False,
GBPUSD,2023-05,23310,True,0,1.0,1.0,True,False,
GBPUSD,2023-06,22149,True,0,1.0,1.0,True,False,
GBPUSD,2023-07,21851,True,0,0.9973,0.9973,True,False,
GBPUSD,2023-08,33038,False,0,1.0,1.0,True,True,
GBPUSD,2023-09,29835,False,0,0.984,0.984,False,False,
GBPUSD,2023-10,31778,False,0,1.0,1.0,True,True,
GBPUSD,2023-11,31516,False,0,1.0,1.0,True,True,
GBPUSD,2023-12,28867,False,0,0.9938,0.9918,True,True,
GBPUSD,2024-01,31638,False,0,1.0,1.0,True,True,
GBPUSD,2024-02,30124,False,0,1.0,1.0,True,True,
GBPUSD,2024-03,30082,False,0,1.0,1.0,True,True,
GBPUSD,2024-04,31544,False,0,1.0,1.0,True,True,
GBPUSD,2024-05,32563,False,0,1.0,1.0,True,True,
GBPUSD,2024-06,28715,False,0,1.0,1.0,True,True,
GBPUSD,2024-07,32851,False,0,1.0,1.0,True,True,
GBPUSD,2024-08,31351,False,0,1.0,1.0,True,True,
GBPUSD,2024-09,30161,False,0,1.0,1.0,True,True,
GBPUSD,2024-10,32994,False,0,1.0,1.0,True,True,
GBPUSD,2024-11,29687,False,0,1.0,1.0,True,True,
GBPUSD,2024-12,30338,False,0,1.0,0.998,True,True,
GBPUSD,2025-01,31585,False,0,1.0,1.0,True,True,
GBPUSD,2025-02,28685,False,0,0.9979,0.9979,True,True,
GBPUSD,2025-03,30205,False,0,0.998,0.998,True,True,
GBPUSD,2025-04,31483,False,0,0.9981,0.9981,True,True,
GBPUSD,2025-05,31308,False,0,1.0,1.0,True,True,
GBPUSD,2025-06,30239,False,0,1.0,1.0,True,True,
GBPUSD,2025-07,32991,False,0,1.0,1.0,True,True,
GBPUSD,2025-08,30025,False,0,1.0,1.0,True,True,
GBPUSD,2025-09,31442,False,0,1.0,1.0,True,True,
GBPUSD,2025-10,32735,False,0,0.9982,0.9982,True,True,
GBPUSD,2025-11,28739,False,0,1.0,1.0,True,True,
GBPUSD,2025-12,31595,False,0,1.0,1.0,True,True,
GBPUSD,2026-01,30108,False,0,1.0,1.0,True,True,
GBPUSD,2026-02,28669,False,0,1.0,1.0,True,True,
GBPUSD,2026-03,31706,False,0,1.0,1.0,True,True,
GBPUSD,2026-04,31477,False,0,0.9981,0.9981,True,True,
GBPUSD,2026-05,29385,False,0,0.998,0.998,True,True,
GBPUSD,2026-06,31533,False,0,1.0,1.0,True,True,
GBPUSD,2026-07,32773,False,0,1.0,1.0,True,True,
GBPUSD,2026-08,30282,False,0,1.0,1.0,True,True,
GBPUSD,2026-09,240,True,0,0.0,0.0,False,False,
AUDUSD,2019-01,31783,False,0,1.0,1.0,True,True,
AUDUSD,2019-02,28786,False,0,1.0,1.0,True,True,
AUDUSD,2019-03,30210,False,0,1.0,1.0,True,True,
AUDUSD,2019-04,31630,False,0,1.0,1.0,True,True,
AUDUSD,2019-05,32188,False,0,1.0,1.0,True,True,
AUDUSD,2019-06,28942,False,0,1.0,1.0,True,True,
AUDUSD,2019-07,33039,False,0,1.0,1.0,True,True,
AUDUSD,2019-08,31457,False,0,1.0,1.0,True,True,
AUDUSD,2019-09,30379,False,0,0.998,0.998,True,True,
AUDUSD,2019-10,33085,False,0,1.0,1.0,True,True,
AUDUSD,2019-11,30015,False,0,1.0,1.0,True,True,
AUDUSD,2019-12,30425,False,0,0.998,0.998,True,True,
AUDUSD,2020-01,31630,False,0,1.0,1.0,True,True,
AUDUSD,2020-02,28714,False,0,1.0,1.0,True,True,
AUDUSD,2020-03,31761,False,0,1.0,1.0,True,True,
AUDUSD,2020-04,31601,False,0,1.0,1.0,True,True,
AUDUSD,2020-05,30137,False,0,1.0,1.0,True,True,
AUDUSD,2020-06,31594,False,0,1.0,1.0,True,True,
AUDUSD,2020-07,32793,False,0,1.0,1.0,True,True,
AUDUSD,2020-08,30241,False,0,1.0,1.0,True,True,
AUDUSD,2020-09,31355,False,0,1.0,1.0,True,True,
AUDUSD,2020-10,31227,False,0,1.0,1.0,True,True,
AUDUSD,2020-11,29042,False,0,1.0,1.0,True,True,
AUDUSD,2020-12,31721,False,0,0.9981,0.9981,True,True,
AUDUSD,2021-01,28719,False,0,1.0,1.0,True,True,
AUDUSD,2021-02,28547,False,0,1.0,1.0,True,True,
AUDUSD,2021-03,32895,False,0,1.0,1.0,True,True,
AUDUSD,2021-04,31227,False,0,1.0,1.0,True,True,
AUDUSD,2021-05,28895,False,0,1.0,1.0,True,True,
AUDUSD,2021-06,31202,False,0,1.0,1.0,True,True,
AUDUSD,2021-07,31260,False,0,1.0,1.0,True,True,
AUDUSD,2021-08,31397,False,0,1.0,1.0,True,True,
AUDUSD,2021-09,31296,False,0,1.0,1.0,True,True,
AUDUSD,2021-10,30061,False,0,1.0,1.0,True,True,
AUDUSD,2021-11,31461,False,0,1.0,1.0,True,True,
AUDUSD,2021-12,32725,False,0,1.0,1.0,True,True,
AUDUSD,2022-01,30115,False,0,1.0,1.0,True,True,
AUDUSD,2022-02,28687,False,0,1.0,1.0,True,True,
AUDUSD,2022-03,32956,False,0,1.0,1.0,True,True,
AUDUSD,2022-04,29891,False,0,1.0,1.0,True,True,
AUDUSD,2022-05,31629,False,0,0.9981,0.9981,True,True,
AUDUSD,2022-06,31358,False,0,0.9962,0.9962,True,True,
AUDUSD,2022-07,30090,False,0,1.0,1.0,True,True,
AUDUSD,2022-08,32913,False,0,1.0,1.0,True,True,
AUDUSD,2022-09,31280,False,0,1.0,1.0,True,True,
AUDUSD,2022-10,30181,False,0,0.996,0.996,True,True,
AUDUSD,2022-11,31359,False,0,0.9943,0.9943,True,True,
AUDUSD,2022-12,31037,False,0,1.0,1.0,True,True,
AUDUSD,2023-01,31358,False,0,1.0,1.0,True,True,
AUDUSD,2023-02,25710,True,0,1.0,1.0,True,False,
AUDUSD,2023-03,23380,True,0,0.9974,0.9974,True,False,
AUDUSD,2023-04,19378,True,0,0.9938,0.9938,True,False,
AUDUSD,2023-05,23264,True,0,1.0,1.0,True,False,
AUDUSD,2023-06,22199,True,0,1.0,1.0,True,False,
AUDUSD,2023-07,21985,True,0,0.9946,0.9946,True,False,
AUDUSD,2023-08,32956,False,0,1.0,1.0,True,True,
AUDUSD,2023-09,29737,False,0,0.984,0.984,False,False,
AUDUSD,2023-10,31745,False,0,1.0,1.0,True,True,
AUDUSD,2023-11,31463,False,0,1.0,1.0,True,True,
AUDUSD,2023-12,28915,False,0,0.9918,0.9938,True,True,
AUDUSD,2024-01,31610,False,0,1.0,1.0,True,True,
AUDUSD,2024-02,30056,False,0,1.0,1.0,True,True,
AUDUSD,2024-03,29934,False,0,1.0,1.0,True,True,
AUDUSD,2024-04,31477,False,0,1.0,1.0,True,True,
AUDUSD,2024-05,32595,False,0,1.0,1.0,True,True,
AUDUSD,2024-06,28647,False,0,1.0,1.0,True,True,
AUDUSD,2024-07,32677,False,0,1.0,1.0,True,True,
AUDUSD,2024-08,31351,False,0,1.0,1.0,True,True,
AUDUSD,2024-09,30146,False,0,1.0,1.0,True,True,
AUDUSD,2024-10,31988,False,0,1.0,1.0,True,True,
AUDUSD,2024-11,29959,False,0,1.0,1.0,True,True,
AUDUSD,2024-12,30251,False,0,0.998,0.998,True,True,
AUDUSD,2025-01,31563,False,0,1.0,1.0,True,True,
AUDUSD,2025-02,28643,False,0,0.9979,0.9979,True,True,
AUDUSD,2025-03,30207,False,0,0.998,0.998,True,True,
AUDUSD,2025-04,31493,False,0,0.9981,0.9981,True,True,
AUDUSD,2025-05,31330,False,0,1.0,1.0,True,True,
AUDUSD,2025-06,30247,False,0,1.0,1.0,True,True,
AUDUSD,2025-07,32942,False,0,1.0,1.0,True,True,
AUDUSD,2025-08,30026,False,0,1.0,1.0,True,True,
AUDUSD,2025-09,31456,False,0,1.0,1.0,True,True,
AUDUSD,2025-10,32777,False,0,0.9982,0.9982,True,True,
AUDUSD,2025-11,28799,False,0,1.0,1.0,True,True,
AUDUSD,2025-12,31679,False,0,1.0,1.0,True,True,
AUDUSD,2026-01,30103,False,0,1.0,1.0,True,True,
AUDUSD,2026-02,28695,False,0,1.0,1.0,True,True,
AUDUSD,2026-03,31730,False,0,1.0,1.0,True,True,
AUDUSD,2026-04,31506,False,0,0.9981,0.9981,True,True,
AUDUSD,2026-05,29587,False,0,1.0,1.0,True,True,
AUDUSD,2026-06,31529,False,0,1.0,1.0,True,True,
AUDUSD,2026-07,32749,False,0,1.0,0.9982,True,True,
AUDUSD,2026-08,30183,False,0,1.0,1.0,True,True,
AUDUSD,2026-09,240,True,0,0.0,0.0,False,False,
NZDUSD,2019-01,31773,False,0,1.0,1.0,True,True,
NZDUSD,2019-02,28786,False,0,1.0,1.0,True,True,
NZDUSD,2019-03,30164,False,0,1.0,1.0,True,True,
NZDUSD,2019-04,31620,False,0,1.0,1.0,True,True,
NZDUSD,2019-05,32127,False,0,1.0,1.0,True,True,
NZDUSD,2019-06,28932,False,0,1.0,1.0,True,True,
NZDUSD,2019-07,33020,False,0,1.0,1.0,True,True,
NZDUSD,2019-08,31417,False,0,1.0,1.0,True,True,
NZDUSD,2019-09,30374,False,0,0.998,0.998,True,True,
NZDUSD,2019-10,33077,False,0,1.0,1.0,True,True,
NZDUSD,2019-11,30035,False,0,1.0,1.0,True,True,
NZDUSD,2019-12,30632,False,0,0.9981,0.9981,True,True,
NZDUSD,2020-01,31593,False,0,1.0,1.0,True,True,
NZDUSD,2020-02,28726,False,0,0.9979,0.9979,True,True,
NZDUSD,2020-03,31754,False,0,1.0,1.0,True,True,
NZDUSD,2020-04,31558,False,0,1.0,1.0,True,True,
NZDUSD,2020-05,30175,False,0,1.0,1.0,True,True,
NZDUSD,2020-06,31591,False,0,1.0,1.0,True,True,
NZDUSD,2020-07,32793,False,0,1.0,1.0,True,True,
NZDUSD,2020-08,30273,False,0,1.0,1.0,True,True,
NZDUSD,2020-09,31375,False,0,1.0,1.0,True,True,
NZDUSD,2020-10,31174,False,0,1.0,1.0,True,True,
NZDUSD,2020-11,28924,False,0,1.0,1.0,True,True,
NZDUSD,2020-12,31407,False,0,0.9981,0.9981,True,True,
NZDUSD,2021-01,28460,False,0,1.0,1.0,True,True,
NZDUSD,2021-02,28490,False,0,1.0,1.0,True,True,
NZDUSD,2021-03,32810,False,0,1.0,1.0,True,True,
NZDUSD,2021-04,31005,False,0,1.0,1.0,True,True,
NZDUSD,2021-05,28748,False,0,1.0,1.0,True,True,
NZDUSD,2021-06,31195,False,0,1.0,1.0,True,True,
NZDUSD,2021-07,31152,False,0,1.0,1.0,True,True,
NZDUSD,2021-08,31385,False,0,1.0,1.0,True,True,
NZDUSD,2021-09,31413,False,0,1.0,1.0,True,True,
NZDUSD,2021-10,30072,False,0,1.0,1.0,True,True,
NZDUSD,2021-11,31446,False,0,1.0,1.0,True,True,
NZDUSD,2021-12,32798,False,0,1.0,1.0,True,True,
NZDUSD,2022-01,30200,False,0,1.0,1.0,True,True,
NZDUSD,2022-02,28668,False,0,1.0,1.0,True,True,
NZDUSD,2022-03,32864,False,0,1.0,1.0,True,True,
NZDUSD,2022-04,29754,False,0,1.0,1.0,True,True,
NZDUSD,2022-05,31544,False,0,1.0,1.0,True,True,
NZDUSD,2022-06,31341,False,0,0.9962,0.9962,True,True,
NZDUSD,2022-07,30020,False,0,1.0,1.0,True,True,
NZDUSD,2022-08,32829,False,0,1.0,1.0,True,True,
NZDUSD,2022-09,31200,False,0,1.0,1.0,True,True,
NZDUSD,2022-10,30005,False,0,0.9941,0.9941,True,True,
NZDUSD,2022-11,31303,False,0,0.9943,0.9943,True,True,
NZDUSD,2022-12,30632,False,0,1.0,1.0,True,True,
NZDUSD,2023-01,30815,False,0,1.0,1.0,True,True,
NZDUSD,2023-02,25610,True,0,1.0,1.0,True,False,
NZDUSD,2023-03,23325,True,0,0.9974,0.9974,True,False,
NZDUSD,2023-04,19730,True,0,0.9939,0.9939,True,False,
NZDUSD,2023-05,23239,True,0,1.0,1.0,True,False,
NZDUSD,2023-06,22238,True,0,1.0,1.0,True,False,
NZDUSD,2023-07,21733,True,0,0.9945,0.9945,True,False,
NZDUSD,2023-08,32893,False,0,1.0,1.0,True,True,
NZDUSD,2023-09,29678,False,0,0.984,0.984,False,False,
NZDUSD,2023-10,31643,False,0,1.0,1.0,True,True,
NZDUSD,2023-11,31410,False,0,1.0,1.0,True,True,
NZDUSD,2023-12,28659,False,0,0.9917,0.9917,True,True,
NZDUSD,2024-01,31686,False,0,1.0,1.0,True,True,
NZDUSD,2024-02,30072,False,0,1.0,1.0,True,True,
NZDUSD,2024-03,29666,False,0,1.0,1.0,True,True,
NZDUSD,2024-04,31367,False,0,1.0,1.0,True,True,
NZDUSD,2024-05,32352,False,0,1.0,1.0,True,True,
NZDUSD,2024-06,28613,False,0,1.0,1.0,True,True,
NZDUSD,2024-07,32719,False,0,1.0,1.0,True,True,
NZDUSD,2024-08,31353,False,0,1.0,1.0,True,True,
NZDUSD,2024-09,30164,False,0,1.0,1.0,True,True,
NZDUSD,2024-10,33011,False,0,1.0,1.0,True,True,
NZDUSD,2024-11,29076,False,0,1.0,1.0,True,True,
NZDUSD,2024-12,30248,False,0,0.9961,0.9961,True,True,
NZDUSD,2025-01,31537,False,0,1.0,1.0,True,True,
NZDUSD,2025-02,28681,False,0,0.9979,0.9979,True,True,
NZDUSD,2025-03,30183,False,0,0.998,0.998,True,True,
NZDUSD,2025-04,31499,False,0,0.9981,0.9981,True,True,
NZDUSD,2025-05,31342,False,0,1.0,1.0,True,True,
NZDUSD,2025-06,30288,False,0,1.0,1.0,True,True,
NZDUSD,2025-07,32928,False,0,1.0,1.0,True,True,
NZDUSD,2025-08,30099,False,0,1.0,1.0,True,True,
NZDUSD,2025-09,31469,False,0,1.0,1.0,True,True,
NZDUSD,2025-10,32741,False,0,0.9982,0.9982,True,True,
NZDUSD,2025-11,28785,False,0,1.0,1.0,True,True,
NZDUSD,2025-12,31524,False,0,1.0,1.0,True,True,
NZDUSD,2026-01,30143,False,0,1.0,1.0,True,True,
NZDUSD,2026-02,28685,False,0,1.0,1.0,True,True,
NZDUSD,2026-03,31728,False,0,1.0,1.0,True,True,
NZDUSD,2026-04,31389,False,0,0.9981,0.9981,True,True,
NZDUSD,2026-05,29971,False,0,1.0,0.998,True,True,
NZDUSD,2026-06,31449,False,0,1.0,1.0,True,True,
NZDUSD,2026-07,32735,False,0,0.9982,0.9982,True,True,
NZDUSD,2026-08,30228,False,0,0.998,1.0,True,True,
NZDUSD,2026-09,240,True,0,0.0,0.0,False,False,
USDCAD,2019-01,31765,False,0,1.0,1.0,True,True,
USDCAD,2019-02,28799,False,0,1.0,1.0,True,True,
USDCAD,2019-03,30172,False,0,1.0,1.0,True,True,
USDCAD,2019-04,31653,False,0,1.0,1.0,True,True,
USDCAD,2019-05,32142,False,0,1.0,1.0,True,True,
USDCAD,2019-06,28970,False,0,1.0,1.0,True,True,
USDCAD,2019-07,33084,False,0,1.0,1.0,True,True,
USDCAD,2019-08,31455,False,0,1.0,1.0,True,True,
USDCAD,2019-09,30375,False,0,0.998,0.998,True,True,
USDCAD,2019-10,33066,False,0,1.0,1.0,True,True,
USDCAD,2019-11,30039,False,0,1.0,1.0,True,True,
USDCAD,2019-12,30726,False,0,0.998,0.998,True,True,
USDCAD,2020-01,31655,False,0,1.0,1.0,True,True,
USDCAD,2020-02,28599,False,0,1.0,1.0,True,True,
USDCAD,2020-03,31765,False,0,1.0,1.0,True,True,
USDCAD,2020-04,31637,False,0,1.0,1.0,True,True,
USDCAD,2020-05,30198,False,0,1.0,1.0,True,True,
USDCAD,2020-06,31638,False,0,1.0,1.0,True,True,
USDCAD,2020-07,32905,False,0,1.0,1.0,True,True,
USDCAD,2020-08,30292,False,0,1.0,1.0,True,True,
USDCAD,2020-09,31528,False,0,1.0,1.0,True,True,
USDCAD,2020-10,31352,False,0,1.0,1.0,True,True,
USDCAD,2020-11,29061,False,0,1.0,1.0,True,True,
USDCAD,2020-12,31604,False,0,0.9981,0.9981,True,True,
USDCAD,2021-01,28760,False,0,1.0,1.0,True,True,
USDCAD,2021-02,28593,False,0,1.0,1.0,True,True,
USDCAD,2021-03,32939,False,0,1.0,1.0,True,True,
USDCAD,2021-04,31139,False,0,1.0,1.0,True,True,
USDCAD,2021-05,28824,False,0,1.0,1.0,True,True,
USDCAD,2021-06,31231,False,0,1.0,1.0,True,True,
USDCAD,2021-07,31193,False,0,1.0,1.0,True,True,
USDCAD,2021-08,31361,False,0,1.0,1.0,True,True,
USDCAD,2021-09,31297,False,0,1.0,1.0,True,True,
USDCAD,2021-10,29893,False,0,1.0,1.0,True,True,
USDCAD,2021-11,31368,False,0,1.0,1.0,True,True,
USDCAD,2021-12,32767,False,0,1.0,1.0,True,True,
USDCAD,2022-01,30253,False,0,1.0,1.0,True,True,
USDCAD,2022-02,28724,False,0,1.0,1.0,True,True,
USDCAD,2022-03,32917,False,0,1.0,1.0,True,True,
USDCAD,2022-04,29797,False,0,1.0,1.0,True,True,
USDCAD,2022-05,31598,False,0,0.9981,0.9981,True,True,
USDCAD,2022-06,31427,False,0,0.9981,0.9962,True,True,
USDCAD,2022-07,30024,False,0,1.0,1.0,True,True,
USDCAD,2022-08,32962,False,0,1.0,1.0,True,True,
USDCAD,2022-09,31302,False,0,0.9981,0.9981,True,True,
USDCAD,2022-10,30094,False,0,0.996,0.996,True,True,
USDCAD,2022-11,31184,False,0,0.9943,0.9943,True,True,
USDCAD,2022-12,31059,False,0,1.0,1.0,True,True,
USDCAD,2023-01,31043,False,0,1.0,1.0,True,True,
USDCAD,2023-02,25582,True,0,1.0,1.0,True,False,
USDCAD,2023-03,23339,True,0,1.0,1.0,True,False,
USDCAD,2023-04,19861,True,0,0.994,0.994,True,False,
USDCAD,2023-05,23202,True,0,1.0,1.0,True,False,
USDCAD,2023-06,22227,True,0,1.0,1.0,True,False,
USDCAD,2023-07,21731,True,0,0.9973,0.9973,True,False,
USDCAD,2023-08,32819,False,0,1.0,1.0,True,True,
USDCAD,2023-09,29647,False,0,0.986,0.984,False,False,
USDCAD,2023-10,31672,False,0,1.0,1.0,True,True,
USDCAD,2023-11,31401,False,0,1.0,1.0,True,True,
USDCAD,2023-12,28756,False,0,0.9918,0.9959,True,True,
USDCAD,2024-01,31622,False,0,1.0,1.0,True,True,
USDCAD,2024-02,30047,False,0,1.0,1.0,True,True,
USDCAD,2024-03,29799,False,0,1.0,1.0,True,True,
USDCAD,2024-04,31505,False,0,1.0,1.0,True,True,
USDCAD,2024-05,32668,False,0,1.0,1.0,True,True,
USDCAD,2024-06,28699,False,0,1.0,1.0,True,True,
USDCAD,2024-07,32852,False,0,1.0,1.0,True,True,
USDCAD,2024-08,31328,False,0,1.0,1.0,True,True,
USDCAD,2024-09,30177,False,0,1.0,1.0,True,True,
USDCAD,2024-10,32910,False,0,1.0,1.0,True,True,
USDCAD,2024-11,28974,False,0,1.0,1.0,True,True,
USDCAD,2024-12,30304,False,0,0.9961,0.9961,True,True,
USDCAD,2025-01,31593,False,0,1.0,1.0,True,True,
USDCAD,2025-02,28699,False,0,0.9979,0.9979,True,True,
USDCAD,2025-03,30244,False,0,0.998,0.998,True,True,
USDCAD,2025-04,31576,False,0,0.9981,0.9981,True,True,
USDCAD,2025-05,31361,False,0,1.0,1.0,True,True,
USDCAD,2025-06,30297,False,0,1.0,1.0,True,True,
USDCAD,2025-07,32999,False,0,1.0,1.0,True,True,
USDCAD,2025-08,30176,False,0,1.0,1.0,True,True,
USDCAD,2025-09,31607,False,0,1.0,1.0,True,True,
USDCAD,2025-10,32882,False,0,0.9982,0.9982,True,True,
USDCAD,2025-11,28853,False,0,1.0,1.0,True,True,
USDCAD,2025-12,31706,False,0,1.0,1.0,True,True,
USDCAD,2026-01,30182,False,0,1.0,1.0,True,True,
USDCAD,2026-02,28667,False,0,1.0,1.0,True,True,
USDCAD,2026-03,31701,False,0,1.0,1.0,True,True,
USDCAD,2026-04,31450,False,0,0.9981,0.9981,True,True,
USDCAD,2026-05,30054,False,0,0.998,0.998,True,True,
USDCAD,2026-06,31540,False,0,1.0,1.0,True,True,
USDCAD,2026-07,32668,False,0,0.9982,1.0,True,True,
USDCAD,2026-08,30206,False,0,0.998,0.998,True,True,
USDCAD,2026-09,240,True,0,0.0,0.0,False,False,
USDCHF,2019-01,31625,False,0,1.0,1.0,True,True,
USDCHF,2019-02,28575,False,0,1.0,1.0,True,True,
USDCHF,2019-03,30042,False,0,1.0,1.0,True,True,
USDCHF,2019-04,31560,False,0,1.0,1.0,True,True,
USDCHF,2019-05,32113,False,0,1.0,1.0,True,True,
USDCHF,2019-06,28901,False,0,1.0,1.0,True,True,
USDCHF,2019-07,32968,False,0,1.0,1.0,True,True,
USDCHF,2019-08,31405,False,0,1.0,1.0,True,True,
USDCHF,2019-09,30331,False,0,0.998,0.998,True,True,
USDCHF,2019-10,33034,False,0,1.0,1.0,True,True,
USDCHF,2019-11,29975,False,0,1.0,1.0,True,True,
USDCHF,2019-12,30553,False,0,0.9981,0.9981,True,True,
USDCHF,2020-01,31562,False,0,1.0,1.0,True,True,
USDCHF,2020-02,28645,False,0,1.0,1.0,True,True,
USDCHF,2020-03,31674,False,0,1.0,1.0,True,True,
USDCHF,2020-04,31555,False,0,1.0,1.0,True,True,
USDCHF,2020-05,30114,False,0,1.0,1.0,True,True,
USDCHF,2020-06,31429,False,0,1.0,1.0,True,True,
USDCHF,2020-07,32607,False,0,1.0,1.0,True,True,
USDCHF,2020-08,30052,False,0,1.0,1.0,True,True,
USDCHF,2020-09,31210,False,0,1.0,1.0,True,True,
USDCHF,2020-10,31047,False,0,1.0,1.0,True,True,
USDCHF,2020-11,28916,False,0,1.0,1.0,True,True,
USDCHF,2020-12,31537,False,0,0.9981,0.9981,True,True,
USDCHF,2021-01,28660,False,0,1.0,1.0,True,True,
USDCHF,2021-02,28407,False,0,1.0,1.0,True,True,
USDCHF,2021-03,32810,False,0,1.0,1.0,True,True,
USDCHF,2021-04,31023,False,0,1.0,1.0,True,True,
USDCHF,2021-05,28758,False,0,1.0,1.0,True,True,
USDCHF,2021-06,30938,False,0,1.0,1.0,True,True,
USDCHF,2021-07,30616,False,0,1.0,1.0,True,True,
USDCHF,2021-08,30501,False,0,1.0,1.0,True,True,
USDCHF,2021-09,30856,False,0,1.0,1.0,True,True,
USDCHF,2021-10,29621,False,0,1.0,1.0,True,True,
USDCHF,2021-11,31153,False,0,1.0,1.0,True,True,
USDCHF,2021-12,32148,False,0,1.0,1.0,True,True,
USDCHF,2022-01,29966,False,0,1.0,1.0,True,True,
USDCHF,2022-02,28508,False,0,1.0,1.0,True,True,
USDCHF,2022-03,32746,False,0,1.0,1.0,True,True,
USDCHF,2022-04,29618,False,0,1.0,1.0,True,True,
USDCHF,2022-05,31200,False,0,0.9981,0.9981,True,True,
USDCHF,2022-06,31312,False,0,0.9962,0.9962,True,True,
USDCHF,2022-07,29794,False,0,1.0,1.0,True,True,
USDCHF,2022-08,32823,False,0,1.0,1.0,True,True,
USDCHF,2022-09,31220,False,0,0.9981,0.9981,True,True,
USDCHF,2022-10,29856,False,0,0.9941,0.9941,True,True,
USDCHF,2022-11,31252,False,0,0.9943,0.9943,True,True,
USDCHF,2022-12,31054,False,0,1.0,1.0,True,True,
USDCHF,2023-01,31330,False,0,1.0,1.0,True,True,
USDCHF,2023-02,25771,True,0,1.0,1.0,True,False,
USDCHF,2023-03,23270,True,0,0.9974,0.9974,True,False,
USDCHF,2023-04,19237,True,0,0.9938,0.9938,True,False,
USDCHF,2023-05,23400,True,0,1.0,1.0,True,False,
USDCHF,2023-06,22063,True,0,1.0,1.0,True,False,
USDCHF,2023-07,21806,True,0,0.9973,0.9945,True,False,
USDCHF,2023-08,32742,False,0,1.0,1.0,True,True,
USDCHF,2023-09,29687,False,0,0.984,0.984,False,False,
USDCHF,2023-10,31646,False,0,1.0,1.0,True,True,
USDCHF,2023-11,31240,False,0,1.0,1.0,True,True,
USDCHF,2023-12,28542,False,0,0.9896,0.9896,False,False,
USDCHF,2024-01,31615,False,0,1.0,1.0,True,True,
USDCHF,2024-02,30027,False,0,1.0,1.0,True,True,
USDCHF,2024-03,30020,False,0,1.0,1.0,True,True,
USDCHF,2024-04,31482,False,0,1.0,1.0,True,True,
USDCHF,2024-05,32519,False,0,1.0,1.0,True,True,
USDCHF,2024-06,28593,False,0,1.0,1.0,True,True,
USDCHF,2024-07,32689,False,0,1.0,1.0,True,True,
USDCHF,2024-08,31354,False,0,1.0,1.0,True,True,
USDCHF,2024-09,30184,False,0,1.0,1.0,True,True,
USDCHF,2024-10,32407,False,0,1.0,1.0,True,True,
USDCHF,2024-11,29855,False,0,1.0,1.0,True,True,
USDCHF,2024-12,30230,False,0,0.9961,0.9961,True,True,
USDCHF,2025-01,31555,False,0,1.0,1.0,True,True,
USDCHF,2025-02,28677,False,0,0.9979,0.9979,True,True,
USDCHF,2025-03,30140,False,0,0.998,0.998,True,True,
USDCHF,2025-04,31457,False,0,0.9981,0.9981,True,True,
USDCHF,2025-05,31330,False,0,1.0,1.0,True,True,
USDCHF,2025-06,30272,False,0,1.0,1.0,True,True,
USDCHF,2025-07,32986,False,0,1.0,1.0,True,True,
USDCHF,2025-08,30090,False,0,1.0,1.0,True,True,
USDCHF,2025-09,31478,False,0,1.0,1.0,True,True,
USDCHF,2025-10,32779,False,0,1.0,0.9982,True,True,
USDCHF,2025-11,28729,False,0,1.0,1.0,True,True,
USDCHF,2025-12,31713,False,0,1.0,1.0,True,True,
USDCHF,2026-01,30074,False,0,1.0,1.0,True,True,
USDCHF,2026-02,28650,False,0,1.0,1.0,True,True,
USDCHF,2026-03,31702,False,0,1.0,1.0,True,True,
USDCHF,2026-04,31425,False,0,0.9981,0.9981,True,True,
USDCHF,2026-05,29996,False,0,0.998,0.998,True,True,
USDCHF,2026-06,31511,False,0,1.0,1.0,True,True,
USDCHF,2026-07,32684,False,0,0.9945,0.9964,True,True,
USDCHF,2026-08,30196,False,0,1.0,1.0,True,True,
USDCHF,2026-09,240,True,0,0.0,0.0,False,False,
USDJPY,2019-01,31771,False,0,1.0,1.0,True,True,
USDJPY,2019-02,28752,False,0,1.0,1.0,True,True,
USDJPY,2019-03,30143,False,0,1.0,1.0,True,True,
USDJPY,2019-04,31591,False,0,1.0,1.0,True,True,
USDJPY,2019-05,32711,False,0,1.0,1.0,True,True,
USDJPY,2019-06,28954,False,0,1.0,1.0,True,True,
USDJPY,2019-07,33071,False,0,1.0,1.0,True,True,
USDJPY,2019-08,31486,False,0,1.0,1.0,True,True,
USDJPY,2019-09,30375,False,0,0.998,0.998,True,True,
USDJPY,2019-10,33089,False,0,1.0,1.0,True,True,
USDJPY,2019-11,30016,False,0,1.0,1.0,True,True,
USDJPY,2019-12,30567,False,0,0.998,0.998,True,True,
USDJPY,2020-01,31576,False,0,1.0,1.0,True,True,
USDJPY,2020-02,28717,False,0,0.9979,1.0,True,True,
USDJPY,2020-03,31766,False,0,1.0,1.0,True,True,
USDJPY,2020-04,31588,False,0,1.0,1.0,True,True,
USDJPY,2020-05,30139,False,0,1.0,1.0,True,True,
USDJPY,2020-06,31638,False,0,1.0,1.0,True,True,
USDJPY,2020-07,32771,False,0,1.0,1.0,True,True,
USDJPY,2020-08,30291,False,0,1.0,1.0,True,True,
USDJPY,2020-09,31478,False,0,1.0,1.0,True,True,
USDJPY,2020-10,31218,False,0,1.0,1.0,True,True,
USDJPY,2020-11,29083,False,0,1.0,1.0,True,True,
USDJPY,2020-12,31876,False,0,0.9981,0.9981,True,True,
USDJPY,2021-01,28733,False,0,1.0,1.0,True,True,
USDJPY,2021-02,28546,False,0,1.0,1.0,True,True,
USDJPY,2021-03,32890,False,0,1.0,1.0,True,True,
USDJPY,2021-04,31151,False,0,1.0,1.0,True,True,
USDJPY,2021-05,28811,False,0,1.0,1.0,True,True,
USDJPY,2021-06,31162,False,0,1.0,1.0,True,True,
USDJPY,2021-07,31169,False,0,1.0,1.0,True,True,
USDJPY,2021-08,31298,False,0,1.0,1.0,True,True,
USDJPY,2021-09,31268,False,0,1.0,1.0,True,True,
USDJPY,2021-10,30043,False,0,1.0,1.0,True,True,
USDJPY,2021-11,31526,False,0,1.0,1.0,True,True,
USDJPY,2021-12,32737,False,0,1.0,1.0,True,True,
USDJPY,2022-01,30160,False,0,1.0,1.0,True,True,
USDJPY,2022-02,28684,False,0,1.0,1.0,True,True,
USDJPY,2022-03,32976,False,0,1.0,1.0,True,True,
USDJPY,2022-04,29915,False,0,1.0,1.0,True,True,
USDJPY,2022-05,31734,False,0,1.0,1.0,True,True,
USDJPY,2022-06,31563,False,0,0.9962,0.9962,True,True,
USDJPY,2022-07,30120,False,0,1.0,1.0,True,True,
USDJPY,2022-08,32963,False,0,1.0,1.0,True,True,
USDJPY,2022-09,31284,False,0,0.9981,0.9981,True,True,
USDJPY,2022-10,30248,False,0,0.9941,0.9941,True,True,
USDJPY,2022-11,31527,False,0,0.9943,0.9943,True,True,
USDJPY,2022-12,31363,False,0,1.0,1.0,True,True,
USDJPY,2023-01,31583,False,0,1.0,1.0,True,True,
USDJPY,2023-02,25606,True,0,1.0,1.0,True,False,
USDJPY,2023-03,23287,True,0,0.9974,0.9974,True,False,
USDJPY,2023-04,19712,True,0,0.9939,0.9939,True,False,
USDJPY,2023-05,23229,True,0,1.0,1.0,True,False,
USDJPY,2023-06,22273,True,0,1.0,1.0,True,False,
USDJPY,2023-07,21973,True,0,0.9973,0.9973,True,False,
USDJPY,2023-08,33036,False,0,1.0,1.0,True,True,
USDJPY,2023-09,29885,False,0,0.986,0.986,False,False,
USDJPY,2023-10,31775,False,0,1.0,1.0,True,True,
USDJPY,2023-11,31535,False,0,1.0,1.0,True,True,
USDJPY,2023-12,29003,False,0,0.9897,0.9918,False,False,
USDJPY,2024-01,31748,False,0,1.0,1.0,True,True,
USDJPY,2024-02,30159,False,0,1.0,1.0,True,True,
USDJPY,2024-03,30142,False,0,1.0,1.0,True,True,
USDJPY,2024-04,31604,False,0,1.0,1.0,True,True,
USDJPY,2024-05,32789,False,0,1.0,1.0,True,True,
USDJPY,2024-06,28853,False,0,1.0,1.0,True,True,
USDJPY,2024-07,33008,False,0,1.0,1.0,True,True,
USDJPY,2024-08,31199,False,0,1.0,1.0,True,True,
USDJPY,2024-09,30204,False,0,1.0,1.0,True,True,
USDJPY,2024-10,32005,False,0,1.0,1.0,True,True,
USDJPY,2024-11,29841,False,0,1.0,1.0,True,True,
USDJPY,2024-12,30472,False,0,0.998,0.998,True,True,
USDJPY,2025-01,31539,False,0,1.0,1.0,True,True,
USDJPY,2025-02,28680,False,0,0.9979,0.9979,True,True,
USDJPY,2025-03,30162,False,0,0.998,1.0,True,True,
USDJPY,2025-04,31477,False,0,0.9981,0.9981,True,True,
USDJPY,2025-05,31396,False,0,1.0,1.0,True,True,
USDJPY,2025-06,30304,False,0,1.0,1.0,True,True,
USDJPY,2025-07,32941,False,0,1.0,1.0,True,True,
USDJPY,2025-08,30089,False,0,1.0,1.0,True,True,
USDJPY,2025-09,31552,False,0,1.0,1.0,True,True,
USDJPY,2025-10,32819,False,0,0.9982,0.9982,True,True,
USDJPY,2025-11,28820,False,0,1.0,1.0,True,True,
USDJPY,2025-12,31865,False,0,1.0,1.0,True,True,
USDJPY,2026-01,30129,False,0,1.0,1.0,True,True,
USDJPY,2026-02,28732,False,0,1.0,1.0,True,True,
USDJPY,2026-03,31692,False,0,1.0,1.0,True,True,
USDJPY,2026-04,31472,False,0,0.9981,0.9981,True,True,
USDJPY,2026-05,30055,False,0,0.998,0.998,True,True,
USDJPY,2026-06,31249,False,0,1.0,1.0,True,True,
USDJPY,2026-07,32824,False,0,0.9982,0.9982,True,True,
USDJPY,2026-08,30324,False,0,0.9941,0.9921,True,True,
USDJPY,2026-09,240,True,0,0.0,0.0,False,False,
EURJPY,2019-01,31782,False,0,,,True,True,0.087
EURJPY,2019-02,28796,False,0,,,True,True,0.081
EURJPY,2019-03,30233,False,0,,,True,True,0.08
EURJPY,2019-04,31668,False,0,,,True,True,0.117
EURJPY,2019-05,32273,False,0,,,True,True,0.074
EURJPY,2019-06,28971,False,0,,,True,True,0.061
EURJPY,2019-07,33108,False,0,,,True,True,0.074
EURJPY,2019-08,31463,False,0,,,True,True,0.084
EURJPY,2019-09,30363,False,0,,,True,True,0.1
EURJPY,2019-10,33101,False,0,,,True,True,0.092
EURJPY,2019-11,30052,False,0,,,True,True,0.071
EURJPY,2019-12,30741,False,0,,,True,True,0.099
EURJPY,2020-01,31664,False,0,,,True,True,0.081
EURJPY,2020-02,28771,False,0,,,True,True,0.093
EURJPY,2020-03,31710,False,0,,,True,True,0.167
EURJPY,2020-04,31571,False,0,,,True,True,0.163
EURJPY,2020-05,30204,False,0,,,True,True,0.108
EURJPY,2020-06,31624,False,0,,,True,True,0.097
EURJPY,2020-07,32790,False,0,,,True,True,0.108
EURJPY,2020-08,30287,False,0,,,True,True,0.1
EURJPY,2020-09,31540,False,0,,,True,True,0.105
EURJPY,2020-10,31368,False,0,,,True,True,0.09
EURJPY,2020-11,29165,False,0,,,True,True,0.099
EURJPY,2020-12,31954,False,0,,,True,True,0.103
EURJPY,2021-01,28824,False,0,,,True,True,0.097
EURJPY,2021-02,28708,False,0,,,True,True,0.11
EURJPY,2021-03,32974,False,0,,,True,True,0.09
EURJPY,2021-04,31277,False,0,,,True,True,0.134
EURJPY,2021-05,28998,False,0,,,True,True,0.106
EURJPY,2021-06,31503,False,0,,,True,True,0.089
EURJPY,2021-07,31364,False,0,,,True,True,0.106
EURJPY,2021-08,31611,False,0,,,True,True,0.097
EURJPY,2021-09,31528,False,0,,,True,True,0.1
EURJPY,2021-10,30130,False,0,,,True,True,0.085
EURJPY,2021-11,31548,False,0,,,True,True,0.103
EURJPY,2021-12,32781,False,0,,,True,True,0.104
EURJPY,2022-01,30214,False,0,,,True,True,0.092
EURJPY,2022-02,28707,False,0,,,True,True,0.12
EURJPY,2022-03,32987,False,0,,,True,True,0.122
EURJPY,2022-04,29949,False,0,,,True,True,0.171
EURJPY,2022-05,31670,False,0,,,True,True,0.123
EURJPY,2022-06,31458,False,0,,,True,True,0.103
EURJPY,2022-07,30022,False,0,,,True,True,0.105
EURJPY,2022-08,32972,False,0,,,True,True,0.117
EURJPY,2022-09,31367,False,0,,,True,True,0.16
EURJPY,2022-10,30189,False,0,,,True,True,0.14
EURJPY,2022-11,31305,False,0,,,True,True,0.174
EURJPY,2022-12,31295,False,0,,,True,True,0.218
EURJPY,2023-01,31417,False,0,,,True,True,0.218
EURJPY,2023-02,25662,True,0,,,True,False,0.184
EURJPY,2023-03,23372,True,0,,,True,False,0.171
EURJPY,2023-04,19762,True,0,,,True,False,0.211
EURJPY,2023-05,23586,True,0,,,True,False,0.178
EURJPY,2023-06,22335,True,0,,,True,False,0.153
EURJPY,2023-07,21923,True,0,,,True,False,0.171
EURJPY,2023-08,32989,False,0,,,True,True,0.164
EURJPY,2023-09,29862,False,0,,,True,True,0.156
EURJPY,2023-10,31740,False,0,,,True,True,0.135
EURJPY,2023-11,31512,False,0,,,True,True,0.169
EURJPY,2023-12,28881,False,0,,,True,True,0.196
EURJPY,2024-01,31222,False,0,,,True,True,0.192
EURJPY,2024-02,30158,False,0,,,True,True,0.162
EURJPY,2024-03,30147,False,0,,,True,True,0.159
EURJPY,2024-04,31584,False,0,,,True,True,0.122
EURJPY,2024-05,32798,False,0,,,True,True,0.115
EURJPY,2024-06,28869,False,0,,,True,True,0.102
EURJPY,2024-07,32978,False,0,,,True,True,0.118
EURJPY,2024-08,31378,False,0,,,True,True,0.128
EURJPY,2024-09,30217,False,0,,,True,True,0.136
EURJPY,2024-10,32388,False,0,,,True,True,0.116
EURJPY,2024-11,29288,False,0,,,True,True,0.118
EURJPY,2024-12,30445,False,0,,,True,True,0.163
EURJPY,2025-01,31525,False,0,,,True,True,0.135
EURJPY,2025-02,28704,False,0,,,True,True,0.136
EURJPY,2025-03,30247,False,0,,,True,True,0.113
EURJPY,2025-04,31446,False,0,,,True,True,0.269
EURJPY,2025-05,31404,False,0,,,True,True,0.222
EURJPY,2025-06,30295,False,0,,,True,True,0.169
EURJPY,2025-07,33014,False,0,,,True,True,0.144
EURJPY,2025-08,30121,False,0,,,True,True,0.115
EURJPY,2025-09,31555,False,0,,,True,True,0.124
EURJPY,2025-10,32860,False,0,,,True,True,0.114
EURJPY,2025-11,28838,False,0,,,True,True,0.112
EURJPY,2025-12,31915,False,0,,,True,True,0.143
EURJPY,2026-01,30121,False,0,,,True,True,0.112
EURJPY,2026-02,28702,False,0,,,True,True,0.133
EURJPY,2026-03,30280,False,0,,,True,True,0.118
EURJPY,2026-04,31547,False,0,,,True,True,0.163
EURJPY,2026-05,30124,False,0,,,True,True,0.111
EURJPY,2026-06,31584,False,0,,,True,True,0.089
EURJPY,2026-07,32835,False,0,,,True,True,0.101
EURJPY,2026-08,30323,False,0,,,True,True,0.107
EURJPY,2026-09,240,True,0,,,True,False,0.078
GBPJPY,2019-01,31727,False,0,,,True,True,0.113
GBPJPY,2019-02,28760,False,0,,,True,True,0.101
GBPJPY,2019-03,30132,False,0,,,True,True,0.117
GBPJPY,2019-04,31601,False,0,,,True,True,0.179
GBPJPY,2019-05,32192,False,0,,,True,True,0.112
GBPJPY,2019-06,28948,False,0,,,True,True,0.09
GBPJPY,2019-07,33084,False,0,,,True,True,0.101
GBPJPY,2019-08,31455,False,0,,,True,True,0.133
GBPJPY,2019-09,30354,False,0,,,True,True,0.131
GBPJPY,2019-10,33066,False,0,,,True,True,0.132
GBPJPY,2019-11,30034,False,0,,,True,True,0.083
GBPJPY,2019-12,30690,False,0,,,True,True,0.11
GBPJPY,2020-01,31669,False,0,,,True,True,0.084
GBPJPY,2020-02,28761,False,0,,,True,True,0.093
GBPJPY,2020-03,31619,False,0,,,True,True,0.173
GBPJPY,2020-04,31565,False,0,,,True,True,0.123
GBPJPY,2020-05,30162,False,0,,,True,True,0.098
GBPJPY,2020-06,31633,False,0,,,True,True,0.078
GBPJPY,2020-07,32835,False,0,,,True,True,0.079
GBPJPY,2020-08,30320,False,0,,,True,True,0.079
GBPJPY,2020-09,31543,False,0,,,True,True,0.078
GBPJPY,2020-10,31383,False,0,,,True,True,0.081
GBPJPY,2020-11,29189,False,0,,,True,True,0.076
GBPJPY,2020-12,31971,False,0,,,True,True,0.096
GBPJPY,2021-01,28858,False,0,,,True,True,0.08
GBPJPY,2021-02,28735,False,0,,,True,True,0.074
GBPJPY,2021-03,33025,False,0,,,True,True,0.064
GBPJPY,2021-04,31399,False,0,,,True,True,0.068
GBPJPY,2021-05,29080,False,0,,,True,True,0.057
GBPJPY,2021-06,31512,False,0,,,True,True,0.072
GBPJPY,2021-07,31339,False,0,,,True,True,0.085
GBPJPY,2021-08,31648,False,0,,,True,True,0.086
GBPJPY,2021-09,31543,False,0,,,True,True,0.083
GBPJPY,2021-10,30119,False,0,,,True,True,0.094
GBPJPY,2021-11,31485,False,0,,,True,True,0.095
GBPJPY,2021-12,32767,False,0,,,True,True,0.109
GBPJPY,2022-01,30200,False,0,,,True,True,0.09
GBPJPY,2022-02,28646,False,0,,,True,True,0.101
GBPJPY,2022-03,32968,False,0,,,True,True,0.099
GBPJPY,2022-04,29945,False,0,,,True,True,0.144
GBPJPY,2022-05,31715,False,0,,,True,True,0.121
GBPJPY,2022-06,31512,False,0,,,True,True,0.126
GBPJPY,2022-07,29985,False,0,,,True,True,0.109
GBPJPY,2022-08,32940,False,0,,,True,True,0.155
GBPJPY,2022-09,31396,False,0,,,True,True,0.161
GBPJPY,2022-10,30192,False,0,,,True,True,0.174
GBPJPY,2022-11,31466,False,0,,,True,True,0.19
GBPJPY,2022-12,31265,False,0,,,True,True,0.185
GBPJPY,2023-01,31322,False,0,,,True,True,0.135
GBPJPY,2023-02,25733,True,0,,,True,False,0.124
GBPJPY,2023-03,23106,True,0,,,True,False,0.123
GBPJPY,2023-04,19559,True,0,,,True,False,0.129
GBPJPY,2023-05,23520,True,0,,,True,False,0.112
GBPJPY,2023-06,22114,True,0,,,True,False,0.092
GBPJPY,2023-07,21725,True,0,,,True,False,0.095
GBPJPY,2023-08,33006,False,0,,,True,True,0.113
GBPJPY,2023-09,29844,False,0,,,True,True,0.098
GBPJPY,2023-10,31750,False,0,,,True,True,0.095
GBPJPY,2023-11,31506,False,0,,,True,True,0.113
GBPJPY,2023-12,28887,False,0,,,True,True,0.131
GBPJPY,2024-01,31680,False,0,,,True,True,0.1
GBPJPY,2024-02,29845,False,0,,,True,True,0.107
GBPJPY,2024-03,30139,False,0,,,True,True,0.123
GBPJPY,2024-04,31568,False,0,,,True,True,0.099
GBPJPY,2024-05,32794,False,0,,,True,True,0.107
GBPJPY,2024-06,28853,False,0,,,True,True,0.101
GBPJPY,2024-07,32987,False,0,,,True,True,0.118
GBPJPY,2024-08,31360,False,0,,,True,True,0.136
GBPJPY,2024-09,30227,False,0,,,True,True,0.112
GBPJPY,2024-10,32720,False,0,,,True,True,0.102
GBPJPY,2024-11,29897,False,0,,,True,True,0.119
GBPJPY,2024-12,30513,False,0,,,True,True,0.162
GBPJPY,2025-01,31560,False,0,,,True,True,0.132
GBPJPY,2025-02,28094,False,0,,,True,True,0.114
GBPJPY,2025-03,30238,False,0,,,True,True,0.108
GBPJPY,2025-04,31398,False,0,,,True,True,0.145
GBPJPY,2025-05,31348,False,0,,,True,True,0.116
GBPJPY,2025-06,30250,False,0,,,True,True,0.102
GBPJPY,2025-07,32958,False,0,,,True,True,0.1
GBPJPY,2025-08,30103,False,0,,,True,True,0.113
GBPJPY,2025-09,31522,False,0,,,True,True,0.107
GBPJPY,2025-10,32813,False,0,,,True,True,0.094
GBPJPY,2025-11,28816,False,0,,,True,True,0.096
GBPJPY,2025-12,31917,False,0,,,True,True,0.115
GBPJPY,2026-01,30138,False,0,,,True,True,0.1
GBPJPY,2026-02,28695,False,0,,,True,True,0.102
GBPJPY,2026-03,31691,False,0,,,True,True,0.111
GBPJPY,2026-04,31473,False,0,,,True,True,0.131
GBPJPY,2026-05,30084,False,0,,,True,True,0.11
GBPJPY,2026-06,31546,False,0,,,True,True,0.092
GBPJPY,2026-07,32788,False,0,,,True,True,0.093
GBPJPY,2026-08,30279,False,0,,,True,True,0.098
GBPJPY,2026-09,240,True,0,,,True,False,0.076
EURGBP,2019-01,31763,False,0,,,True,True,0.073
EURGBP,2019-02,28774,False,0,,,True,True,0.066
EURGBP,2019-03,30213,False,0,,,True,True,0.072
EURGBP,2019-04,31620,False,0,,,True,True,0.084
EURGBP,2019-05,32129,False,0,,,True,True,0.085
EURGBP,2019-06,28940,False,0,,,True,True,0.071
EURGBP,2019-07,33046,False,0,,,True,True,0.081
EURGBP,2019-08,31445,False,0,,,True,True,0.096
EURGBP,2019-09,30347,False,0,,,True,True,0.085
EURGBP,2019-10,33094,False,0,,,True,True,0.086
EURGBP,2019-11,30037,False,0,,,True,True,0.077
EURGBP,2019-12,30688,False,0,,,True,True,0.082
EURGBP,2020-01,31662,False,0,,,True,True,0.07
EURGBP,2020-02,28733,False,0,,,True,True,0.071
EURGBP,2020-03,31605,False,0,,,True,True,0.157
EURGBP,2020-04,31586,False,0,,,True,True,0.123
EURGBP,2020-05,30150,False,0,,,True,True,0.119
EURGBP,2020-06,31628,False,0,,,True,True,0.1
EURGBP,2020-07,32854,False,0,,,True,True,0.095
EURGBP,2020-08,30298,False,0,,,True,True,0.101
EURGBP,2020-09,31523,False,0,,,True,True,0.099
EURGBP,2020-10,31337,False,0,,,True,True,0.09
EURGBP,2020-11,29170,False,0,,,True,True,0.089
EURGBP,2020-12,31871,False,0,,,True,True,0.097
EURGBP,2021-01,28811,False,0,,,True,True,0.084
EURGBP,2021-02,28680,False,0,,,True,True,0.087
EURGBP,2021-03,32943,False,0,,,True,True,0.094
EURGBP,2021-04,31196,False,0,,,True,True,0.102
EURGBP,2021-05,28875,False,0,,,True,True,0.101
EURGBP,2021-06,31386,False,0,,,True,True,0.085
EURGBP,2021-07,31220,False,0,,,True,True,0.086
EURGBP,2021-08,31418,False,0,,,True,True,0.092
EURGBP,2021-09,31321,False,0,,,True,True,0.081
EURGBP,2021-10,29971,False,0,,,True,True,0.068
EURGBP,2021-11,31512,False,0,,,True,True,0.067
EURGBP,2021-12,32795,False,0,,,True,True,0.081
EURGBP,2022-01,30192,False,0,,,True,True,0.062
EURGBP,2022-02,28690,False,0,,,True,True,0.075
EURGBP,2022-03,32976,False,0,,,True,True,0.081
EURGBP,2022-04,29941,False,0,,,True,True,0.087
EURGBP,2022-05,31633,False,0,,,True,True,0.088
EURGBP,2022-06,31449,False,0,,,True,True,0.079
EURGBP,2022-07,30068,False,0,,,True,True,0.061
EURGBP,2022-08,32974,False,0,,,True,True,0.104
EURGBP,2022-09,31374,False,0,,,True,True,0.129
EURGBP,2022-10,30202,False,0,,,True,True,0.126
EURGBP,2022-11,31474,False,0,,,True,True,0.122
EURGBP,2022-12,31239,False,0,,,True,True,0.17
EURGBP,2023-01,31488,False,0,,,True,True,0.141
EURGBP,2023-02,25549,True,0,,,True,False,0.125
EURGBP,2023-03,23397,True,0,,,True,False,0.108
EURGBP,2023-04,19728,True,0,,,True,False,0.096
EURGBP,2023-05,23375,True,0,,,True,False,0.115
EURGBP,2023-06,22231,True,0,,,True,False,0.1
EURGBP,2023-07,21930,True,0,,,True,False,0.109
EURGBP,2023-08,32972,False,0,,,True,True,0.121
EURGBP,2023-09,29699,False,0,,,True,True,0.115
EURGBP,2023-10,31692,False,0,,,True,True,0.105
EURGBP,2023-11,31429,False,0,,,True,True,0.105
EURGBP,2023-12,28888,False,0,,,True,True,0.1
EURGBP,2024-01,31621,False,0,,,True,True,0.102
EURGBP,2024-02,29948,False,0,,,True,True,0.087
EURGBP,2024-03,29529,False,0,,,True,True,0.081
EURGBP,2024-04,31363,False,0,,,True,True,0.072
EURGBP,2024-05,32336,False,0,,,True,True,0.079
EURGBP,2024-06,28368,False,0,,,True,True,0.067
EURGBP,2024-07,32532,False,0,,,True,True,0.068
EURGBP,2024-08,31289,False,0,,,True,True,0.074
EURGBP,2024-09,30162,False,0,,,True,True,0.064
EURGBP,2024-10,32913,False,0,,,True,True,0.063
EURGBP,2024-11,29786,False,0,,,True,True,0.069
EURGBP,2024-12,30414,False,0,,,True,True,0.074
EURGBP,2025-01,31575,False,0,,,True,True,0.072
EURGBP,2025-02,28694,False,0,,,True,True,0.063
EURGBP,2025-03,30218,False,0,,,True,True,0.062
EURGBP,2025-04,31558,False,0,,,True,True,0.086
EURGBP,2025-05,31358,False,0,,,True,True,0.078
EURGBP,2025-06,30306,False,0,,,True,True,0.062
EURGBP,2025-07,32956,False,0,,,True,True,0.063
EURGBP,2025-08,29987,False,0,,,True,True,0.069
EURGBP,2025-09,31433,False,0,,,True,True,0.06
EURGBP,2025-10,32734,False,0,,,True,True,0.059
EURGBP,2025-11,28730,False,0,,,True,True,0.063
EURGBP,2025-12,31677,False,0,,,True,True,0.059
EURGBP,2026-01,30088,False,0,,,True,True,0.058
EURGBP,2026-02,28674,False,0,,,True,True,0.06
EURGBP,2026-03,31706,False,0,,,True,True,0.061
EURGBP,2026-04,31470,False,0,,,True,True,0.066
EURGBP,2026-05,29978,False,0,,,True,True,0.063
EURGBP,2026-06,31521,False,0,,,True,True,0.054
EURGBP,2026-07,32816,False,0,,,True,True,0.053
EURGBP,2026-08,30150,False,0,,,True,True,0.06
EURGBP,2026-09,240,True,0,,,True,False,0.047
