pair,month,minutes,hole,crossed_minutes,median_spread_pips,clock_ok,oracle_ok,included,bid_match,ask_match,triangulation_pips
EURUSD,2011-01,28962,False,0,3.0,True,True,True,,,
EURUSD,2011-02,26913,False,0,3.0,True,True,True,,,
EURUSD,2011-03,30536,False,0,3.0,True,True,True,,,
EURUSD,2011-04,27579,False,0,3.0,True,True,True,,,
EURUSD,2011-05,30758,False,0,3.0,True,True,True,,,
EURUSD,2011-06,30695,False,0,3.0,True,True,True,,,
EURUSD,2011-07,29100,False,0,3.0,True,True,True,,,
EURUSD,2011-08,32062,False,0,3.0,True,True,True,,,
EURUSD,2011-09,30654,False,0,3.0,True,True,True,,,
EURUSD,2011-10,29622,False,0,2.0,True,True,True,,,
EURUSD,2011-11,30721,False,0,2.0,True,True,True,,,
EURUSD,2011-12,30768,False,0,1.7,True,True,True,,,
EURUSD,2012-01,31199,False,0,1.7,True,True,True,,,
EURUSD,2012-02,30223,False,0,1.7,True,True,True,,,
EURUSD,2012-03,31514,False,0,1.7,True,True,True,,,
EURUSD,2012-04,30366,False,0,1.7,True,True,True,,,
EURUSD,2012-05,33079,False,0,1.7,True,True,True,,,
EURUSD,2012-06,30034,False,0,1.7,True,True,True,,,
EURUSD,2012-07,31787,False,0,1.7,True,True,True,,,
EURUSD,2012-08,32834,False,0,1.7,True,True,True,,,
EURUSD,2012-09,28934,False,0,1.7,True,True,True,,,
EURUSD,2012-10,32969,False,0,1.7,True,True,True,,,
EURUSD,2012-11,31408,False,0,1.7,True,True,True,,,
EURUSD,2012-12,27815,False,0,1.7,True,True,True,,,
EURUSD,2013-01,31751,False,0,1.7,True,True,True,,,
EURUSD,2013-02,28744,False,0,1.7,True,True,True,,,
EURUSD,2013-03,30212,False,0,1.7,True,True,True,,,
EURUSD,2013-04,31525,False,0,1.7,True,True,True,,,
EURUSD,2013-05,32759,False,0,1.7,True,True,True,,,
EURUSD,2013-06,28905,False,0,1.7,True,True,True,,,
EURUSD,2013-07,33023,False,0,1.7,True,True,True,,,
EURUSD,2013-08,31380,False,0,1.7,True,True,True,,,
EURUSD,2013-09,30258,False,0,1.7,True,True,True,,,
EURUSD,2013-10,32952,False,0,1.7,True,True,True,,,
EURUSD,2013-11,29928,False,0,1.7,True,True,True,,,
EURUSD,2013-12,29175,False,0,1.7,True,True,True,,,
EURUSD,2014-01,31556,False,0,1.7,True,True,True,,,
EURUSD,2014-02,28622,False,0,1.7,True,True,True,,,
EURUSD,2014-03,30099,False,0,1.7,True,True,True,,,
EURUSD,2014-04,30913,False,0,1.7,True,True,True,,,
EURUSD,2014-05,30810,False,0,1.7,True,True,True,,,
EURUSD,2014-06,28359,False,0,1.7,True,True,True,,,
EURUSD,2014-07,32253,False,0,1.7,True,True,True,,,
EURUSD,2014-08,29542,False,0,1.7,True,True,True,,,
EURUSD,2014-09,31315,False,0,1.7,True,True,True,,,
EURUSD,2014-10,32843,False,0,1.7,True,True,True,,,
EURUSD,2014-11,28898,False,0,0.3,True,True,True,,,
EURUSD,2014-12,31268,False,0,0.4,True,True,True,,,
EURUSD,2015-01,30259,False,0,0.4,True,True,True,,,
EURUSD,2015-02,28752,False,0,0.4,True,True,True,,,
EURUSD,2015-03,31833,False,0,0.4,True,True,True,,,
EURUSD,2015-04,31640,False,0,0.3,True,True,True,,,
EURUSD,2015-05,30188,False,0,0.3,True,True,True,,,
EURUSD,2015-06,31619,False,0,0.4,True,True,True,,,
EURUSD,2015-07,32887,False,0,0.4,True,True,True,,,
EURUSD,2015-08,30317,False,0,0.4,True,True,True,,,
EURUSD,2015-09,31609,False,0,0.4,True,True,True,,,
EURUSD,2015-10,31439,False,0,0.4,True,True,True,,,
EURUSD,2015-11,30339,False,0,0.4,True,True,True,,,
EURUSD,2015-12,31329,False,0,0.4,True,True,True,,,
EURUSD,2016-01,28905,False,0,0.4,True,True,True,,,
EURUSD,2016-02,30232,False,0,0.4,True,True,True,,,
EURUSD,2016-03,33086,False,0,0.4,True,True,True,,,
EURUSD,2016-04,30026,False,0,0.4,True,True,True,,,
EURUSD,2016-05,31791,False,0,0.3,True,True,True,,,
EURUSD,2016-06,31658,False,0,0.4,True,True,True,,,
EURUSD,2016-07,30155,False,0,0.5,True,True,True,,,
EURUSD,2016-08,33024,False,0,0.5,True,True,True,,,
EURUSD,2016-09,31386,False,0,0.5,True,True,True,0.9466,0.9523,
EURUSD,2016-10,30333,False,0,0.4,True,True,True,0.9605,0.9565,
EURUSD,2016-11,31584,False,0,0.4,True,True,True,0.9354,0.9392,
EURUSD,2016-12,30500,False,0,0.4,False,True,False,0.945,0.9332,
EURUSD,2017-01,31202,False,0,0.4,True,True,True,0.9269,0.9346,
EURUSD,2017-02,28779,False,0,0.4,True,True,True,0.9436,0.9666,
EURUSD,2017-03,32961,False,0,0.4,True,True,True,0.9727,0.9617,
EURUSD,2017-04,28924,False,0,0.4,True,True,True,0.9564,0.971,
EURUSD,2017-05,33053,False,0,0.4,True,True,True,0.9583,0.9691,
EURUSD,2017-06,31435,False,0,0.4,True,True,True,0.9561,0.9542,
EURUSD,2017-07,30373,False,0,0.4,True,True,True,0.9545,0.9644,
EURUSD,2017-08,33078,False,0,0.4,True,True,True,0.9564,0.9492,
EURUSD,2017-09,29972,False,0,0.4,True,True,True,0.942,0.938,
EURUSD,2017-10,31746,False,0,0.4,True,True,True,0.9528,0.9585,
EURUSD,2017-11,31522,False,0,0.3,True,True,True,0.9506,0.943,
EURUSD,2017-12,28591,False,0,0.3,True,True,True,0.9581,0.9497,
EURUSD,2018-01,31767,False,0,0.3,True,True,True,0.9357,0.9433,
EURUSD,2018-02,28751,False,0,0.4,True,True,True,0.9478,0.9395,
EURUSD,2018-03,31451,False,0,0.4,True,True,True,0.9429,0.9371,
EURUSD,2018-04,30255,False,0,0.4,True,True,True,0.9466,0.9506,
EURUSD,2018-05,33005,False,0,0.4,True,True,True,0.951,0.9601,
EURUSD,2018-06,30012,False,0,0.4,True,True,True,0.946,0.954,
EURUSD,2018-07,31780,False,0,0.4,True,True,True,0.9585,0.9604,
EURUSD,2018-08,32852,False,0,0.4,True,True,True,0.9617,0.9599,
EURUSD,2018-09,28900,False,0,0.4,True,True,True,0.9523,0.9461,
EURUSD,2018-10,33062,False,0,0.4,True,True,True,0.9601,0.9528,
EURUSD,2018-11,31419,False,0,0.4,True,True,True,0.958,0.9485,
GBPUSD,2011-01,28202,False,0,4.0,True,True,False,,,
GBPUSD,2011-02,26374,False,0,4.0,True,True,False,,,
GBPUSD,2011-03,30162,False,0,4.0,True,True,False,,,
GBPUSD,2011-04,26809,False,0,4.0,True,True,False,,,
GBPUSD,2011-05,29667,False,0,4.0,True,True,False,,,
GBPUSD,2011-06,29592,False,0,4.0,True,True,False,,,
GBPUSD,2011-07,28051,False,0,4.0,True,True,False,,,
GBPUSD,2011-08,30879,False,0,4.0,True,True,False,,,
GBPUSD,2011-09,29885,False,0,4.0,True,True,False,,,
GBPUSD,2011-10,28973,False,0,4.0,True,True,False,,,
GBPUSD,2011-11,30198,False,0,4.0,True,True,False,,,
GBPUSD,2011-12,30532,False,0,3.0,True,True,True,,,
GBPUSD,2012-01,31168,False,0,3.0,True,True,True,,,
GBPUSD,2012-02,30212,False,0,3.0,True,True,True,,,
GBPUSD,2012-03,31470,False,0,3.0,True,True,True,,,
GBPUSD,2012-04,30314,False,0,3.0,True,True,True,,,
GBPUSD,2012-05,33041,False,0,3.0,True,True,True,,,
GBPUSD,2012-06,30002,False,0,3.0,True,True,True,,,
GBPUSD,2012-07,31780,False,0,3.0,True,True,True,,,
GBPUSD,2012-08,32826,False,0,3.0,True,True,True,,,
GBPUSD,2012-09,28933,False,0,3.0,True,True,True,,,
GBPUSD,2012-10,33028,False,0,3.0,True,True,True,,,
GBPUSD,2012-11,31341,False,0,3.0,True,True,True,,,
GBPUSD,2012-12,27682,False,0,3.0,True,True,True,,,
GBPUSD,2013-01,31704,False,0,3.0,True,True,True,,,
GBPUSD,2013-02,28625,False,0,3.0,True,True,True,,,
GBPUSD,2013-03,30180,False,0,3.0,True,True,True,,,
GBPUSD,2013-04,31480,False,0,3.0,True,True,True,,,
GBPUSD,2013-05,32702,False,0,3.0,True,True,True,,,
GBPUSD,2013-06,28875,False,0,3.0,True,True,True,,,
GBPUSD,2013-07,33049,False,0,3.0,True,True,True,,,
GBPUSD,2013-08,31457,False,0,3.0,True,True,True,,,
GBPUSD,2013-09,30361,False,0,3.0,True,True,True,,,
GBPUSD,2013-10,33068,False,0,3.0,True,True,True,,,
GBPUSD,2013-11,30012,False,0,3.0,True,True,True,,,
GBPUSD,2013-12,29250,False,0,3.0,True,True,True,,,
GBPUSD,2014-01,31604,False,0,3.0,True,True,True,,,
GBPUSD,2014-02,28746,False,0,3.0,True,True,True,,,
GBPUSD,2014-03,30154,False,0,3.0,True,True,True,,,
GBPUSD,2014-04,31168,False,0,3.0,True,True,True,,,
GBPUSD,2014-05,31001,False,0,3.0,True,True,True,,,
GBPUSD,2014-06,28735,False,0,3.0,True,True,True,,,
GBPUSD,2014-07,32787,False,0,3.0,True,True,True,,,
GBPUSD,2014-08,30024,False,0,3.0,True,True,True,,,
GBPUSD,2014-09,31588,False,0,3.0,True,True,True,,,
GBPUSD,2014-10,32908,False,0,3.0,True,True,True,,,
GBPUSD,2014-11,28912,False,0,0.6,True,True,True,,,
GBPUSD,2014-12,31290,False,0,0.7,True,True,True,,,
GBPUSD,2015-01,30238,False,0,0.7,True,True,True,,,
GBPUSD,2015-02,28784,False,0,0.7,True,True,True,,,
GBPUSD,2015-03,31844,False,0,0.7,True,True,True,,,
GBPUSD,2015-04,31646,False,0,0.6,True,True,True,,,
GBPUSD,2015-05,30197,False,0,0.6,True,True,True,,,
GBPUSD,2015-06,31626,False,0,0.6,True,True,True,,,
GBPUSD,2015-07,32874,False,0,0.6,True,True,True,,,
GBPUSD,2015-08,30328,False,0,0.7,True,True,True,,,
GBPUSD,2015-09,31606,False,0,0.7,True,True,True,,,
GBPUSD,2015-10,31440,False,0,0.7,True,True,True,,,
GBPUSD,2015-11,30328,False,0,0.7,True,True,True,,,
GBPUSD,2015-12,31321,False,0,0.7,True,True,True,,,
GBPUSD,2016-01,28911,False,0,0.7,True,True,True,,,
GBPUSD,2016-02,30220,False,0,0.8,True,True,True,,,
GBPUSD,2016-03,33035,False,0,0.8,True,True,True,,,
GBPUSD,2016-04,30034,False,0,0.7,True,True,True,,,
GBPUSD,2016-05,31792,False,0,0.7,True,True,True,,,
GBPUSD,2016-06,31640,False,0,1.4,True,True,True,,,
GBPUSD,2016-07,30143,False,0,1.4,True,True,True,,,
GBPUSD,2016-08,32999,False,0,0.9,True,True,True,,,
GBPUSD,2016-09,31386,False,0,0.9,True,False,False,0.8855,0.8931,
GBPUSD,2016-10,30324,False,0,0.9,True,False,False,0.8656,0.8538,
GBPUSD,2016-11,31552,False,0,1.0,True,False,False,0.8631,0.8517,
GBPUSD,2016-12,30445,False,0,1.0,True,False,False,0.8232,0.8271,
GBPUSD,2017-01,31219,False,0,1.0,True,False,False,0.8846,0.8654,
GBPUSD,2017-02,28746,False,0,1.0,True,True,True,0.9144,0.9102,
GBPUSD,2017-03,32949,False,0,0.9,True,True,True,0.9053,0.9107,
GBPUSD,2017-04,28893,False,0,0.9,True,True,True,0.9212,0.9046,
GBPUSD,2017-05,33074,False,0,0.9,True,True,True,0.9183,0.9365,
GBPUSD,2017-06,31396,False,0,0.8,True,True,True,0.9294,0.916,
GBPUSD,2017-07,30272,False,0,0.8,True,True,True,0.9071,0.919,
GBPUSD,2017-08,32962,False,0,0.8,True,True,True,0.9238,0.922,
GBPUSD,2017-09,29951,False,0,0.8,True,False,False,0.918,0.898,
GBPUSD,2017-10,31719,False,0,0.8,True,True,True,0.9208,0.9283,
GBPUSD,2017-11,31519,False,0,0.8,True,True,True,0.903,0.9221,
GBPUSD,2017-12,28505,False,0,0.8,True,True,True,0.9099,0.9078,
GBPUSD,2018-01,31717,False,0,0.8,True,True,True,0.9376,0.9244,
GBPUSD,2018-02,28752,False,0,0.9,True,True,True,0.9061,0.9311,
GBPUSD,2018-03,31436,False,0,0.9,True,False,False,0.9086,0.899,
GBPUSD,2018-04,30245,False,0,0.9,True,True,True,0.9091,0.9111,
GBPUSD,2018-05,33000,False,0,0.9,True,False,False,0.8966,0.9002,
GBPUSD,2018-06,29939,False,0,0.8,True,True,True,0.916,0.922,
GBPUSD,2018-07,31781,False,0,0.9,True,True,True,0.9057,0.9057,
GBPUSD,2018-08,32831,False,0,0.9,True,True,True,0.9015,0.9215,
GBPUSD,2018-09,28847,False,0,0.9,True,True,True,0.9274,0.9004,
GBPUSD,2018-10,33041,False,0,0.9,True,True,True,0.9238,0.9238,
GBPUSD,2018-11,31400,False,0,1.0,True,False,False,0.9103,0.8874,
AUDUSD,2011-01,28531,False,0,4.0,True,True,False,,,
AUDUSD,2011-02,26586,False,0,4.0,True,True,False,,,
AUDUSD,2011-03,30984,False,0,4.0,True,True,False,,,
AUDUSD,2011-04,27043,False,0,4.0,True,True,False,,,
AUDUSD,2011-05,30337,False,0,4.0,True,True,False,,,
AUDUSD,2011-06,30268,False,0,4.0,True,True,False,,,
AUDUSD,2011-07,28481,False,0,4.0,True,True,False,,,
AUDUSD,2011-08,31921,False,0,4.0,True,True,False,,,
AUDUSD,2011-09,30531,False,0,4.0,True,True,False,,,
AUDUSD,2011-10,29557,False,0,4.0,True,True,False,,,
AUDUSD,2011-11,30798,False,0,4.0,True,True,False,,,
AUDUSD,2011-12,30439,False,0,2.0,True,True,True,,,
AUDUSD,2012-01,31086,False,0,2.0,True,True,True,,,
AUDUSD,2012-02,30206,False,0,2.0,True,True,True,,,
AUDUSD,2012-03,31404,False,0,2.0,True,True,True,,,
AUDUSD,2012-04,30171,False,0,2.0,True,True,True,,,
AUDUSD,2012-05,32979,False,0,2.0,True,True,True,,,
AUDUSD,2012-06,29975,False,0,2.0,True,True,True,,,
AUDUSD,2012-07,31715,False,0,2.0,True,True,True,,,
AUDUSD,2012-08,32760,False,0,2.0,True,True,True,,,
AUDUSD,2012-09,28812,False,0,2.0,True,True,True,,,
AUDUSD,2012-10,32901,False,0,2.0,True,True,True,,,
AUDUSD,2012-11,31229,False,0,2.0,True,True,True,,,
AUDUSD,2012-12,27641,False,0,2.0,True,True,True,,,
AUDUSD,2013-01,31599,False,0,2.0,True,True,True,,,
AUDUSD,2013-02,28620,False,0,2.0,True,True,True,,,
AUDUSD,2013-03,30047,False,0,2.0,True,True,True,,,
AUDUSD,2013-04,31365,False,0,2.0,True,True,True,,,
AUDUSD,2013-05,32691,False,0,2.0,True,True,True,,,
AUDUSD,2013-06,28907,False,0,2.0,True,True,True,,,
AUDUSD,2013-07,33022,False,0,2.0,True,True,True,,,
AUDUSD,2013-08,31391,False,0,2.0,True,True,True,,,
AUDUSD,2013-09,30307,False,0,2.0,True,True,True,,,
AUDUSD,2013-10,32999,False,0,2.0,True,True,True,,,
AUDUSD,2013-11,29977,False,0,2.0,True,True,True,,,
AUDUSD,2013-12,29196,False,0,2.0,True,True,True,,,
AUDUSD,2014-01,31560,False,0,2.0,True,True,True,,,
AUDUSD,2014-02,28652,False,0,2.0,True,True,True,,,
AUDUSD,2014-03,30002,False,0,2.0,True,True,True,,,
AUDUSD,2014-04,30639,False,0,2.0,True,True,True,,,
AUDUSD,2014-05,30507,False,0,2.0,True,True,True,,,
AUDUSD,2014-06,28163,False,0,2.0,True,True,True,,,
AUDUSD,2014-07,32007,False,0,2.0,True,True,True,,,
AUDUSD,2014-08,29541,False,0,2.0,True,True,True,,,
AUDUSD,2014-09,31389,False,0,2.0,True,True,True,,,
AUDUSD,2014-10,32831,False,0,2.0,True,True,True,,,
AUDUSD,2014-11,28858,False,0,0.4,True,True,True,,,
AUDUSD,2014-12,31042,False,0,0.5,True,True,True,,,
AUDUSD,2015-01,30204,False,0,0.5,True,True,True,,,
AUDUSD,2015-02,28709,False,0,0.5,True,True,True,,,
AUDUSD,2015-03,31793,False,0,0.5,True,True,True,,,
AUDUSD,2015-04,31523,False,0,0.4,True,True,True,,,
AUDUSD,2015-05,30151,False,0,0.5,True,True,True,,,
AUDUSD,2015-06,31611,False,0,0.5,True,True,True,,,
AUDUSD,2015-07,32839,False,0,0.5,True,True,True,,,
AUDUSD,2015-08,30258,False,0,0.5,True,True,True,,,
AUDUSD,2015-09,31455,False,0,0.5,True,True,True,,,
AUDUSD,2015-10,31261,False,0,0.5,True,True,True,,,
AUDUSD,2015-11,30215,False,0,0.5,True,True,True,,,
AUDUSD,2015-12,31169,False,0,0.5,True,True,True,,,
AUDUSD,2016-01,28861,False,0,0.5,True,True,True,,,
AUDUSD,2016-02,30191,False,0,0.5,True,True,True,,,
AUDUSD,2016-03,32964,False,0,0.5,True,True,True,,,
AUDUSD,2016-04,29954,False,0,0.5,True,True,True,,,
AUDUSD,2016-05,31695,False,0,0.4,True,True,True,,,
AUDUSD,2016-06,31541,False,0,0.5,True,True,True,,,
AUDUSD,2016-07,29897,False,0,0.6,True,True,True,,,
AUDUSD,2016-08,32695,False,0,0.6,True,True,True,,,
AUDUSD,2016-09,31164,False,0,0.6,True,True,True,0.9561,0.9542,
AUDUSD,2016-10,30214,False,0,0.6,True,True,True,0.9545,0.9407,
AUDUSD,2016-11,31467,False,0,0.6,True,True,True,0.9582,0.9582,
AUDUSD,2016-12,30363,False,0,0.6,True,True,True,0.9588,0.9608,
AUDUSD,2017-01,31029,False,0,0.6,True,True,True,0.9635,0.9519,
AUDUSD,2017-02,28688,False,0,0.5,True,True,True,0.9645,0.9603,
AUDUSD,2017-03,32814,False,0,0.5,True,True,True,0.9709,0.9709,
AUDUSD,2017-04,28571,False,0,0.5,True,True,True,0.9647,0.9668,
AUDUSD,2017-05,32875,False,0,0.5,True,True,True,0.9728,0.971,
AUDUSD,2017-06,31147,False,0,0.5,True,True,True,0.9695,0.958,
AUDUSD,2017-07,30070,False,0,0.5,True,True,True,0.9565,0.9664,
AUDUSD,2017-08,32692,False,0,0.5,True,True,True,0.9655,0.9564,
AUDUSD,2017-09,29641,False,0,0.5,True,True,True,0.946,0.946,
AUDUSD,2017-10,31347,False,0,0.5,True,True,True,0.9528,0.9604,
AUDUSD,2017-11,31276,False,0,0.5,True,True,True,0.9582,0.9525,
AUDUSD,2017-12,28287,False,0,0.5,True,True,True,0.9665,0.9581,
AUDUSD,2018-01,31633,False,0,0.5,True,True,True,0.9584,0.9527,
AUDUSD,2018-02,28660,False,0,0.5,True,True,True,0.9541,0.9415,
AUDUSD,2018-03,31285,False,0,0.6,True,True,True,0.9467,0.9352,
AUDUSD,2018-04,29822,False,0,0.6,True,True,True,0.9506,0.9565,
AUDUSD,2018-05,32589,False,0,0.6,True,True,True,0.9474,0.9546,
AUDUSD,2018-06,29648,False,0,0.6,True,True,True,0.954,0.942,
AUDUSD,2018-07,31422,False,0,0.6,True,True,True,0.9472,0.9528,
AUDUSD,2018-08,32520,False,0,0.6,True,True,True,0.9599,0.9781,
AUDUSD,2018-09,28577,False,0,0.6,True,True,True,0.9544,0.9606,
AUDUSD,2018-10,32799,False,0,0.6,True,True,True,0.9764,0.9819,
AUDUSD,2018-11,31267,False,0,0.7,True,True,True,0.9714,0.979,
NZDUSD,2011-01,24231,True,0,4.0,True,True,False,,,
NZDUSD,2011-02,23093,True,0,4.0,True,True,False,,,
NZDUSD,2011-03,27054,False,0,4.0,True,True,False,,,
NZDUSD,2011-04,23736,True,0,4.0,True,True,False,,,
NZDUSD,2011-05,27206,False,0,4.0,True,True,False,,,
NZDUSD,2011-06,27419,False,0,4.0,True,True,False,,,
NZDUSD,2011-07,25843,True,0,4.0,True,True,False,,,
NZDUSD,2011-08,30010,False,0,4.0,True,True,False,,,
NZDUSD,2011-09,28918,False,0,4.0,True,True,False,,,
NZDUSD,2011-10,27876,False,0,4.0,True,True,False,,,
NZDUSD,2011-11,29869,False,0,4.0,True,True,False,,,
NZDUSD,2011-12,30508,False,0,3.0,True,True,True,,,
NZDUSD,2012-01,31030,False,0,3.0,True,True,True,,,
NZDUSD,2012-02,30159,False,0,3.0,True,True,True,,,
NZDUSD,2012-03,31408,False,0,3.0,True,True,True,,,
NZDUSD,2012-04,30125,False,0,3.0,True,True,True,,,
NZDUSD,2012-05,32989,False,0,3.0,True,True,True,,,
NZDUSD,2012-06,29986,False,0,3.0,True,True,True,,,
NZDUSD,2012-07,31726,False,0,3.0,True,True,True,,,
NZDUSD,2012-08,32798,False,0,3.0,True,True,True,,,
NZDUSD,2012-09,28787,False,0,3.0,True,True,True,,,
NZDUSD,2012-10,32933,False,0,3.0,True,True,True,,,
NZDUSD,2012-11,31295,False,0,3.0,True,True,True,,,
NZDUSD,2012-12,27693,False,0,3.0,True,True,True,,,
NZDUSD,2013-01,31568,False,0,3.0,True,True,True,,,
NZDUSD,2013-02,28604,False,0,3.0,True,True,True,,,
NZDUSD,2013-03,29962,False,0,3.0,True,True,True,,,
NZDUSD,2013-04,31048,False,0,3.0,True,True,True,,,
NZDUSD,2013-05,32508,False,0,3.0,True,True,True,,,
NZDUSD,2013-06,28868,False,0,3.0,True,True,True,,,
NZDUSD,2013-07,32947,False,0,3.0,True,True,True,,,
NZDUSD,2013-08,31352,False,0,3.0,True,True,True,,,
NZDUSD,2013-09,30244,False,0,3.0,True,True,True,,,
NZDUSD,2013-10,32967,False,0,3.0,True,True,True,,,
NZDUSD,2013-11,29968,False,0,3.0,True,True,True,,,
NZDUSD,2013-12,29145,False,0,3.0,True,True,True,,,
NZDUSD,2014-01,31531,False,0,3.0,True,True,True,,,
NZDUSD,2014-02,28635,False,0,3.0,True,True,True,,,
NZDUSD,2014-03,30259,False,0,3.0,True,True,True,,,
NZDUSD,2014-04,31218,False,0,3.0,True,True,True,,,
NZDUSD,2014-05,31138,False,0,3.0,True,True,True,,,
NZDUSD,2014-06,28656,False,0,3.0,True,True,True,,,
NZDUSD,2014-07,32520,False,0,3.0,True,True,True,,,
NZDUSD,2014-08,29816,False,0,3.0,True,True,True,,,
NZDUSD,2014-09,31400,False,0,3.0,True,True,True,,,
NZDUSD,2014-10,32753,False,0,3.0,True,True,True,,,
NZDUSD,2014-11,28809,False,0,0.7,True,True,True,,,
NZDUSD,2014-12,30796,False,0,0.8,True,True,True,,,
NZDUSD,2015-01,30027,False,0,0.7,True,True,True,,,
NZDUSD,2015-02,28542,False,0,0.7,True,True,True,,,
NZDUSD,2015-03,31667,False,0,0.8,True,True,True,,,
NZDUSD,2015-04,31471,False,0,0.7,True,True,True,,,
NZDUSD,2015-05,30121,False,0,0.8,True,True,True,,,
NZDUSD,2015-06,31544,False,0,0.8,True,True,True,,,
NZDUSD,2015-07,32683,False,0,0.8,True,True,True,,,
NZDUSD,2015-08,30138,False,0,0.8,True,True,True,,,
NZDUSD,2015-09,31381,False,0,0.8,True,True,True,,,
NZDUSD,2015-10,31268,False,0,0.8,True,True,True,,,
NZDUSD,2015-11,30161,False,0,0.8,True,True,True,,,
NZDUSD,2015-12,31149,False,0,0.8,True,True,True,,,
NZDUSD,2016-01,28809,False,0,0.8,True,True,True,,,
NZDUSD,2016-02,30170,False,0,0.8,True,True,True,,,
NZDUSD,2016-03,32952,False,0,0.8,True,True,True,,,
NZDUSD,2016-04,29916,False,0,0.8,True,True,True,,,
NZDUSD,2016-05,31524,False,0,0.7,True,True,True,,,
NZDUSD,2016-06,31374,False,0,0.8,True,True,True,,,
NZDUSD,2016-07,29888,False,0,0.9,True,True,True,,,
NZDUSD,2016-08,32781,False,0,0.9,True,True,True,,,
NZDUSD,2016-09,31132,False,0,0.9,True,True,True,0.9256,0.9408,
NZDUSD,2016-10,30091,False,0,0.9,True,True,True,0.9307,0.9267,
NZDUSD,2016-11,31434,False,0,0.9,True,True,True,0.9278,0.9278,
NZDUSD,2016-12,30185,False,0,1.0,False,True,False,0.9273,0.9509,
NZDUSD,2017-01,30956,False,0,0.8,True,True,True,0.9308,0.925,
NZDUSD,2017-02,28597,False,0,0.8,True,True,True,0.9582,0.9603,
NZDUSD,2017-03,32782,False,0,0.8,True,True,True,0.9599,0.9636,
NZDUSD,2017-04,28472,False,0,0.8,True,True,True,0.9626,0.9647,
NZDUSD,2017-05,32780,False,0,0.8,True,True,True,0.9437,0.9492,
NZDUSD,2017-06,31065,False,0,0.8,True,True,True,0.9523,0.9542,
NZDUSD,2017-07,30077,False,0,0.8,True,True,True,0.9605,0.9585,
NZDUSD,2017-08,32701,False,0,0.8,True,True,True,0.9528,0.9564,
NZDUSD,2017-09,29634,False,0,0.8,True,True,True,0.926,0.936,
NZDUSD,2017-10,31425,False,0,0.8,True,True,True,0.9527,0.9414,
NZDUSD,2017-11,31126,False,0,0.8,True,True,True,0.9658,0.9582,
NZDUSD,2017-12,28274,False,0,0.8,True,True,True,0.9581,0.9623,
NZDUSD,2018-01,31498,False,0,0.8,True,True,True,0.9659,0.9659,
NZDUSD,2018-02,28586,False,0,0.8,True,True,True,0.9541,0.9708,
NZDUSD,2018-03,31232,False,0,0.8,True,True,True,0.9486,0.9448,
NZDUSD,2018-04,29854,False,0,0.8,True,True,True,0.9505,0.9505,
NZDUSD,2018-05,32825,False,0,0.9,True,True,True,0.9456,0.9637,
NZDUSD,2018-06,29541,False,0,0.9,True,True,True,0.956,0.946,
NZDUSD,2018-07,31529,False,0,0.9,True,True,True,0.9584,0.949,
NZDUSD,2018-08,32663,False,0,0.9,True,True,True,0.9471,0.9562,
NZDUSD,2018-09,28752,False,0,0.9,True,True,True,0.9459,0.9543,
NZDUSD,2018-10,32892,False,0,0.9,True,True,True,0.9601,0.9601,
NZDUSD,2018-11,31279,False,0,0.9,True,True,True,0.9542,0.9676,
USDCAD,2011-01,25008,True,0,4.0,True,True,False,,,
USDCAD,2011-02,22485,True,0,4.0,True,True,False,,,
USDCAD,2011-03,25677,False,0,4.0,True,True,False,,,
USDCAD,2011-04,23168,True,0,4.0,True,True,False,,,
USDCAD,2011-05,27310,False,0,4.0,True,True,False,,,
USDCAD,2011-06,27358,False,0,4.0,True,True,False,,,
USDCAD,2011-07,25848,False,0,4.0,True,True,False,,,
USDCAD,2011-08,29565,False,0,4.0,True,True,False,,,
USDCAD,2011-09,28216,False,0,4.0,True,True,False,,,
USDCAD,2011-10,27922,False,0,4.0,True,True,False,,,
USDCAD,2011-11,29213,False,0,4.0,True,True,False,,,
USDCAD,2011-12,30065,False,0,3.0,True,True,True,,,
USDCAD,2012-01,30751,False,0,3.0,True,True,True,,,
USDCAD,2012-02,30004,False,0,3.0,True,True,True,,,
USDCAD,2012-03,31214,False,0,3.0,True,True,True,,,
USDCAD,2012-04,30014,False,0,3.0,True,True,True,,,
USDCAD,2012-05,32664,False,0,3.0,True,True,True,,,
USDCAD,2012-06,29780,False,0,3.0,True,True,True,,,
USDCAD,2012-07,31518,False,0,3.0,True,True,True,,,
USDCAD,2012-08,32550,False,0,3.0,True,True,True,,,
USDCAD,2012-09,28768,False,0,3.0,True,True,True,,,
USDCAD,2012-10,32770,False,0,3.0,True,True,True,,,
USDCAD,2012-11,30826,False,0,3.0,True,True,True,,,
USDCAD,2012-12,27011,False,0,3.0,True,True,True,,,
USDCAD,2013-01,31408,False,0,3.0,True,True,True,,,
USDCAD,2013-02,28078,False,0,3.0,True,True,True,,,
USDCAD,2013-03,29375,False,0,3.0,True,True,True,,,
USDCAD,2013-04,30513,False,0,3.0,True,True,True,,,
USDCAD,2013-05,31626,False,0,3.0,True,True,True,,,
USDCAD,2013-06,28656,False,0,3.0,True,True,True,,,
USDCAD,2013-07,32809,False,0,3.0,True,True,True,,,
USDCAD,2013-08,31163,False,0,3.0,True,True,True,,,
USDCAD,2013-09,30010,False,0,3.0,True,True,True,,,
USDCAD,2013-10,32679,False,0,3.0,True,True,True,,,
USDCAD,2013-11,29653,False,0,3.0,True,True,True,,,
USDCAD,2013-12,28867,False,0,3.0,True,True,True,,,
USDCAD,2014-01,31255,False,0,3.0,True,True,True,,,
USDCAD,2014-02,28474,False,0,3.0,True,True,True,,,
USDCAD,2014-03,29514,False,0,3.0,True,True,True,,,
USDCAD,2014-04,29886,False,0,3.0,True,True,True,,,
USDCAD,2014-05,29661,False,0,3.0,True,True,True,,,
USDCAD,2014-06,26864,False,0,3.0,True,True,True,,,
USDCAD,2014-07,30853,False,0,3.0,True,True,True,,,
USDCAD,2014-08,28598,False,0,3.0,True,True,True,,,
USDCAD,2014-09,30889,False,0,3.0,True,True,True,,,
USDCAD,2014-10,32591,False,0,3.0,True,True,True,,,
USDCAD,2014-11,28730,False,0,0.6,True,True,True,,,
USDCAD,2014-12,30796,False,0,0.7,True,True,True,,,
USDCAD,2015-01,29949,False,0,0.7,True,True,True,,,
USDCAD,2015-02,28406,False,0,0.8,True,True,True,,,
USDCAD,2015-03,31543,False,0,0.9,True,True,True,,,
USDCAD,2015-04,31239,False,0,0.8,True,True,True,,,
USDCAD,2015-05,29872,False,0,0.8,True,True,True,,,
USDCAD,2015-06,31333,False,0,0.8,True,True,True,,,
USDCAD,2015-07,32670,False,0,0.7,True,True,True,,,
USDCAD,2015-08,30073,False,0,0.8,True,True,True,,,
USDCAD,2015-09,31102,False,0,0.7,True,True,True,,,
USDCAD,2015-10,31063,False,0,0.7,True,True,True,,,
USDCAD,2015-11,30131,False,0,0.6,True,True,True,,,
USDCAD,2015-12,31157,False,0,0.6,True,True,True,,,
USDCAD,2016-01,28828,False,0,0.8,True,True,True,,,
USDCAD,2016-02,30128,False,0,0.9,True,True,True,,,
USDCAD,2016-03,32812,False,0,0.9,True,True,True,,,
USDCAD,2016-04,29875,False,0,0.8,True,True,True,,,
USDCAD,2016-05,31535,False,0,0.7,True,True,True,,,
USDCAD,2016-06,31466,False,0,0.8,True,True,True,,,
USDCAD,2016-07,29829,False,0,1.1,True,True,True,,,
USDCAD,2016-08,32571,False,0,1.0,True,True,True,,,
USDCAD,2016-09,31072,False,0,0.9,True,True,True,0.9332,0.9122,
USDCAD,2016-10,30040,False,0,0.8,True,True,True,0.9032,0.9071,
USDCAD,2016-11,31346,False,0,0.9,True,True,True,0.9068,0.9049,
USDCAD,2016-12,30214,False,0,0.9,False,False,False,0.8902,0.8765,
USDCAD,2017-01,31007,False,0,0.9,True,False,False,0.8962,0.9096,
USDCAD,2017-02,28613,False,0,0.9,True,True,True,0.9353,0.9102,
USDCAD,2017-03,32691,False,0,0.9,True,True,True,0.9472,0.949,
USDCAD,2017-04,28484,False,0,0.9,True,True,True,0.9253,0.9398,
USDCAD,2017-05,32836,False,0,0.9,True,True,True,0.9383,0.9474,
USDCAD,2017-06,30940,False,0,0.8,True,True,True,0.916,0.9256,
USDCAD,2017-07,29868,False,0,0.8,True,True,True,0.9209,0.9308,
USDCAD,2017-08,32453,False,0,0.8,True,True,True,0.9274,0.9292,
USDCAD,2017-09,29494,False,0,0.8,True,False,False,0.886,0.908,
USDCAD,2017-10,31058,False,0,0.8,True,True,True,0.9245,0.9189,
USDCAD,2017-11,30865,False,0,0.8,True,True,True,0.9392,0.9449,
USDCAD,2017-12,27914,False,0,0.8,True,True,True,0.9245,0.9413,
USDCAD,2018-01,31386,False,0,0.8,True,True,True,0.9584,0.9338,
USDCAD,2018-02,28519,False,0,0.9,True,True,True,0.9248,0.9311,
USDCAD,2018-03,31109,False,0,0.9,True,False,False,0.899,0.9124,
USDCAD,2018-04,29687,False,0,0.9,True,True,True,0.915,0.913,
USDCAD,2018-05,32640,False,0,0.8,True,True,True,0.9347,0.9419,
USDCAD,2018-06,29640,False,0,0.8,True,True,True,0.934,0.916,
USDCAD,2018-07,31415,False,0,0.8,True,True,True,0.934,0.9415,
USDCAD,2018-08,32458,False,0,0.8,True,True,True,0.9416,0.938,
USDCAD,2018-09,28444,False,0,0.8,True,True,True,0.9378,0.944,
USDCAD,2018-10,32627,False,0,0.8,True,True,True,0.9274,0.9328,
USDCAD,2018-11,30919,False,0,0.8,True,True,True,0.9389,0.9332,
USDCHF,2011-01,26922,False,0,4.0,True,True,False,,,
USDCHF,2011-02,25178,True,0,4.0,True,True,False,,,
USDCHF,2011-03,28109,False,0,4.0,True,True,False,,,
USDCHF,2011-04,25073,True,0,4.0,True,True,False,,,
USDCHF,2011-05,28070,False,0,4.0,True,True,False,,,
USDCHF,2011-06,27413,False,0,4.0,True,True,False,,,
USDCHF,2011-07,26106,False,0,4.0,True,True,False,,,
USDCHF,2011-08,30368,False,0,4.0,True,True,False,,,
USDCHF,2011-09,29393,False,0,4.0,True,True,False,,,
USDCHF,2011-10,27749,False,0,4.0,True,True,False,,,
USDCHF,2011-11,29028,False,0,4.0,True,True,False,,,
USDCHF,2011-12,30488,False,0,3.0,True,True,True,,,
USDCHF,2012-01,31174,False,0,3.0,True,True,True,,,
USDCHF,2012-02,30207,False,0,3.0,True,True,True,,,
USDCHF,2012-03,31476,False,0,3.0,True,True,True,,,
USDCHF,2012-04,30297,False,0,3.0,True,True,True,,,
USDCHF,2012-05,33012,False,0,3.0,True,True,True,,,
USDCHF,2012-06,30009,False,0,3.0,True,True,True,,,
USDCHF,2012-07,31721,False,0,3.0,True,True,True,,,
USDCHF,2012-08,32756,False,0,3.0,True,True,True,,,
USDCHF,2012-09,28938,False,0,3.0,True,True,True,,,
USDCHF,2012-10,33014,False,0,3.0,True,True,True,,,
USDCHF,2012-11,31381,False,0,3.0,True,True,True,,,
USDCHF,2012-12,27742,False,0,3.0,True,True,True,,,
USDCHF,2013-01,31718,False,0,3.0,True,True,True,,,
USDCHF,2013-02,28673,False,0,3.0,True,True,True,,,
USDCHF,2013-03,30190,False,0,3.0,True,True,True,,,
USDCHF,2013-04,31503,False,0,3.0,True,True,True,,,
USDCHF,2013-05,32747,False,0,3.0,True,True,True,,,
USDCHF,2013-06,28895,False,0,3.0,True,True,True,,,
USDCHF,2013-07,33014,False,0,3.0,True,True,True,,,
USDCHF,2013-08,31412,False,0,3.0,True,True,True,,,
USDCHF,2013-09,30350,False,0,3.0,True,True,True,,,
USDCHF,2013-10,33030,False,0,3.0,True,True,True,,,
USDCHF,2013-11,29959,False,0,3.0,True,True,True,,,
USDCHF,2013-12,29210,False,0,3.0,True,True,True,,,
USDCHF,2014-01,31567,False,0,3.0,True,True,True,,,
USDCHF,2014-02,28697,False,0,3.0,True,True,True,,,
USDCHF,2014-03,29953,False,0,3.0,True,True,True,,,
USDCHF,2014-04,30708,False,0,3.0,True,True,True,,,
USDCHF,2014-05,30569,False,0,3.0,True,True,True,,,
USDCHF,2014-06,28395,False,0,3.0,True,True,True,,,
USDCHF,2014-07,32365,False,0,3.0,True,True,True,,,
USDCHF,2014-08,29788,False,0,3.0,True,True,True,,,
USDCHF,2014-09,31465,False,0,3.0,True,True,True,,,
USDCHF,2014-10,32846,False,0,3.0,True,True,True,,,
USDCHF,2014-11,28893,False,0,0.5,True,True,True,,,
USDCHF,2014-12,31242,False,0,0.6,True,True,True,,,
USDCHF,2015-01,30118,False,0,1.2,True,True,True,,,
USDCHF,2015-02,28713,False,0,2.0,True,True,True,,,
USDCHF,2015-03,31740,False,0,1.2,True,True,True,,,
USDCHF,2015-04,31547,False,0,1.2,True,True,True,,,
USDCHF,2015-05,30129,False,0,1.1,True,True,True,,,
USDCHF,2015-06,31501,False,0,0.9,True,True,True,,,
USDCHF,2015-07,32796,False,0,0.8,True,True,True,,,
USDCHF,2015-08,30184,False,0,0.8,True,True,True,,,
USDCHF,2015-09,31467,False,0,0.8,True,True,True,,,
USDCHF,2015-10,31263,False,0,0.9,True,True,True,,,
USDCHF,2015-11,30207,False,0,0.8,True,True,True,,,
USDCHF,2015-12,31199,False,0,0.9,True,True,True,,,
USDCHF,2016-01,28835,False,0,0.8,True,True,True,,,
USDCHF,2016-02,30196,False,0,0.9,True,True,True,,,
USDCHF,2016-03,32978,False,0,0.9,True,True,True,,,
USDCHF,2016-04,29956,False,0,0.8,True,True,True,,,
USDCHF,2016-05,31726,False,0,0.8,True,True,True,,,
USDCHF,2016-06,31604,False,0,0.8,True,True,True,,,
USDCHF,2016-07,29989,False,0,0.8,True,True,True,,,
USDCHF,2016-08,32867,False,0,0.8,True,True,True,,,
USDCHF,2016-09,31271,False,0,0.8,True,True,True,0.9313,0.9427,
USDCHF,2016-10,30212,False,0,0.8,True,True,True,0.9308,0.9289,
USDCHF,2016-11,31508,False,0,0.8,True,True,True,0.9278,0.9278,
USDCHF,2016-12,30407,False,0,0.9,False,True,False,0.9136,0.9293,
USDCHF,2017-01,31185,False,0,0.8,True,True,True,0.9365,0.9442,
USDCHF,2017-02,28735,False,0,0.7,True,True,True,0.952,0.9395,
USDCHF,2017-03,32875,False,0,0.7,True,True,True,0.9435,0.9417,
USDCHF,2017-04,28794,False,0,0.8,True,True,True,0.9315,0.9295,
USDCHF,2017-05,32862,False,0,0.8,True,True,True,0.9456,0.9474,
USDCHF,2017-06,31228,False,0,0.7,True,True,True,0.9447,0.9523,
USDCHF,2017-07,30233,False,0,0.7,True,True,True,0.9387,0.9368,
USDCHF,2017-08,32964,False,0,0.8,True,True,True,0.9328,0.9419,
USDCHF,2017-09,29704,False,0,0.8,True,True,True,0.908,0.904,
USDCHF,2017-10,31517,False,0,0.7,True,True,True,0.9264,0.9208,
USDCHF,2017-11,31414,False,0,0.7,True,True,True,0.9335,0.9297,
USDCHF,2017-12,28382,False,0,0.7,True,True,True,0.9182,0.9371,
USDCHF,2018-01,31621,False,0,0.7,True,True,True,0.9225,0.9376,
USDCHF,2018-02,28668,False,0,0.7,True,True,True,0.9019,0.9123,
USDCHF,2018-03,31242,False,0,0.7,True,True,True,0.9181,0.9238,
USDCHF,2018-04,30043,False,0,0.8,True,True,True,0.9466,0.9387,
USDCHF,2018-05,32821,False,0,0.8,True,True,True,0.9401,0.9292,
USDCHF,2018-06,29826,False,0,0.8,True,True,True,0.942,0.944,
USDCHF,2018-07,31595,False,0,0.8,True,True,True,0.9396,0.9434,
USDCHF,2018-08,32523,False,0,0.8,True,True,True,0.9416,0.9416,
USDCHF,2018-09,28631,False,0,0.8,True,True,True,0.9481,0.944,
USDCHF,2018-10,32939,False,0,0.8,True,True,True,0.9437,0.9419,
USDCHF,2018-11,31311,False,0,0.9,True,True,True,0.937,0.9256,
USDJPY,2011-01,25236,True,0,3.0,True,True,False,,,
USDJPY,2011-02,23574,True,0,3.0,True,True,False,,,
USDJPY,2011-03,27313,False,0,3.0,True,True,True,,,
USDJPY,2011-04,25401,True,0,3.0,True,True,False,,,
USDJPY,2011-05,26934,False,0,3.0,True,True,True,,,
USDJPY,2011-06,25689,True,0,3.0,True,True,False,,,
USDJPY,2011-07,23283,True,0,3.0,True,True,False,,,
USDJPY,2011-08,27348,False,0,3.0,True,True,True,,,
USDJPY,2011-09,24229,True,0,3.0,True,True,False,,,
USDJPY,2011-10,21462,True,0,3.0,True,True,False,,,
USDJPY,2011-11,21024,True,0,3.0,True,True,False,,,
USDJPY,2011-12,28794,False,0,2.0,True,True,True,,,
USDJPY,2012-01,30085,False,0,2.0,True,True,True,,,
USDJPY,2012-02,29634,False,0,2.0,True,True,True,,,
USDJPY,2012-03,31236,False,0,2.0,True,True,True,,,
USDJPY,2012-04,29991,False,0,2.0,True,True,True,,,
USDJPY,2012-05,32684,False,0,2.0,True,True,True,,,
USDJPY,2012-06,29784,False,0,2.0,True,True,True,,,
USDJPY,2012-07,31133,False,0,2.0,True,True,True,,,
USDJPY,2012-08,31950,False,0,2.0,True,True,True,,,
USDJPY,2012-09,28428,False,0,2.0,True,True,True,,,
USDJPY,2012-10,32309,False,0,2.0,True,True,True,,,
USDJPY,2012-11,30906,False,0,2.0,True,True,True,,,
USDJPY,2012-12,27547,False,0,2.0,True,True,True,,,
USDJPY,2013-01,31695,False,0,2.0,True,True,True,,,
USDJPY,2013-02,28737,False,0,2.0,True,True,True,,,
USDJPY,2013-03,30194,False,0,2.0,True,True,True,,,
USDJPY,2013-04,31591,False,0,2.0,True,True,True,,,
USDJPY,2013-05,32820,False,0,2.0,True,True,True,,,
USDJPY,2013-06,28951,False,0,2.0,True,True,True,,,
USDJPY,2013-07,33050,False,0,2.0,True,True,True,,,
USDJPY,2013-08,31425,False,0,2.0,True,True,True,,,
USDJPY,2013-09,30307,False,0,2.0,True,True,True,,,
USDJPY,2013-10,32975,False,0,2.0,True,True,True,,,
USDJPY,2013-11,29901,False,0,2.0,True,True,True,,,
USDJPY,2013-12,29163,False,0,2.0,True,True,True,,,
USDJPY,2014-01,31562,False,0,2.0,True,True,True,,,
USDJPY,2014-02,28656,False,0,2.0,True,True,True,,,
USDJPY,2014-03,30109,False,0,2.0,True,True,True,,,
USDJPY,2014-04,30977,False,0,2.0,True,True,True,,,
USDJPY,2014-05,30853,False,0,2.0,True,True,True,,,
USDJPY,2014-06,28438,False,0,2.0,True,True,True,,,
USDJPY,2014-07,32218,False,0,2.0,True,True,True,,,
USDJPY,2014-08,29519,False,0,2.0,True,True,True,,,
USDJPY,2014-09,31361,False,0,2.0,True,True,True,,,
USDJPY,2014-10,32878,False,0,2.0,True,True,True,,,
USDJPY,2014-11,28901,False,0,0.3,True,True,True,,,
USDJPY,2014-12,31270,False,0,0.4,True,True,True,,,
USDJPY,2015-01,30256,False,0,0.3,True,True,True,,,
USDJPY,2015-02,28775,False,0,0.3,True,True,True,,,
USDJPY,2015-03,31833,False,0,0.4,True,True,True,,,
USDJPY,2015-04,31579,False,0,0.4,True,True,True,,,
USDJPY,2015-05,30161,False,0,0.4,True,True,True,,,
USDJPY,2015-06,31644,False,0,0.4,True,True,True,,,
USDJPY,2015-07,32855,False,0,0.4,True,True,True,,,
USDJPY,2015-08,30256,False,0,0.4,True,True,True,,,
USDJPY,2015-09,31577,False,0,0.4,True,True,True,,,
USDJPY,2015-10,31401,False,0,0.4,True,True,True,,,
USDJPY,2015-11,30292,False,0,0.4,True,True,True,,,
USDJPY,2015-12,31263,False,0,0.4,True,True,True,,,
USDJPY,2016-01,28896,False,0,0.5,True,True,True,,,
USDJPY,2016-02,30230,False,0,0.5,True,True,True,,,
USDJPY,2016-03,33052,False,0,0.5,True,True,True,,,
USDJPY,2016-04,30007,False,0,0.5,True,True,True,,,
USDJPY,2016-05,31763,False,0,0.5,True,True,True,,,
USDJPY,2016-06,31618,False,0,0.5,True,True,True,,,
USDJPY,2016-07,30131,False,0,0.6,True,True,True,,,
USDJPY,2016-08,32968,False,0,0.6,True,True,True,,,
USDJPY,2016-09,31386,False,0,0.6,True,True,True,0.9351,0.9389,
USDJPY,2016-10,30261,False,0,0.6,True,True,True,0.9407,0.9387,
USDJPY,2016-11,31586,False,0,0.6,True,True,True,0.9354,0.9278,
USDJPY,2016-12,30520,False,0,0.6,False,True,False,0.9253,0.9253,
USDJPY,2017-01,31202,False,0,0.6,True,True,True,0.9231,0.9154,
USDJPY,2017-02,28775,False,0,0.6,True,True,True,0.9395,0.952,
USDJPY,2017-03,32925,False,0,0.6,True,True,True,0.9545,0.9672,
USDJPY,2017-04,28868,False,0,0.6,True,True,True,0.944,0.944,
USDJPY,2017-05,33049,False,0,0.6,True,True,True,0.9637,0.9691,
USDJPY,2017-06,31415,False,0,0.5,True,True,True,0.9485,0.958,
USDJPY,2017-07,30313,False,0,0.5,True,True,True,0.9526,0.9625,
USDJPY,2017-08,33015,False,0,0.5,True,True,True,0.9637,0.9528,
USDJPY,2017-09,29968,False,0,0.5,True,True,True,0.956,0.95,
USDJPY,2017-10,31669,False,0,0.5,True,True,True,0.9528,0.9623,
USDJPY,2017-11,31536,False,0,0.5,True,True,True,0.9525,0.9525,
USDJPY,2017-12,28564,False,0,0.5,True,True,True,0.9434,0.9476,
USDJPY,2018-01,31721,False,0,0.5,True,True,True,0.9546,0.9546,
USDJPY,2018-02,28737,False,0,0.5,True,True,True,0.9478,0.9499,
USDJPY,2018-03,31417,False,0,0.5,True,True,True,0.9467,0.9505,
USDJPY,2018-04,30189,False,0,0.5,True,True,True,0.9585,0.9565,
USDJPY,2018-05,32915,False,0,0.5,True,True,True,0.971,0.9673,
USDJPY,2018-06,29943,False,0,0.5,True,True,True,0.948,0.958,
USDJPY,2018-07,31723,False,0,0.5,True,True,True,0.9321,0.9377,
USDJPY,2018-08,32761,False,0,0.5,True,True,True,0.9562,0.9562,
USDJPY,2018-09,28723,False,0,0.5,True,True,True,0.9336,0.9502,
USDJPY,2018-10,32933,False,0,0.6,True,True,True,0.9583,0.9474,
USDJPY,2018-11,31395,False,0,0.5,True,True,True,0.9542,0.9389,
EURJPY,2011-01,29386,False,0,4.0,True,True,False,,,0.467
EURJPY,2011-02,27693,False,0,4.0,True,True,False,,,0.473
EURJPY,2011-03,31712,False,0,4.0,True,True,False,,,0.462
EURJPY,2011-04,28989,False,0,4.0,True,True,False,,,0.535
EURJPY,2011-05,31192,False,0,4.0,True,True,False,,,0.541
EURJPY,2011-06,31090,False,0,4.0,True,True,False,,,0.442
EURJPY,2011-07,29436,False,0,4.0,True,True,False,,,0.475
EURJPY,2011-08,32530,False,0,4.0,True,True,False,,,0.469
EURJPY,2011-09,30841,False,0,4.0,True,True,False,,,0.48
EURJPY,2011-10,29659,False,0,4.0,True,True,False,,,0.464
EURJPY,2011-11,30780,False,0,4.0,True,True,False,,,0.484
EURJPY,2011-12,30847,False,0,2.5,True,True,True,,,0.139
EURJPY,2012-01,31226,False,0,2.5,True,True,True,,,0.13
EURJPY,2012-02,30233,False,0,2.5,True,True,True,,,0.131
EURJPY,2012-03,31534,False,0,2.5,True,True,True,,,0.123
EURJPY,2012-04,30373,False,0,2.5,True,True,True,,,0.15
EURJPY,2012-05,33081,False,0,2.5,True,True,True,,,0.135
EURJPY,2012-06,30038,False,0,2.5,True,True,True,,,0.138
EURJPY,2012-07,31815,False,0,2.5,True,True,True,,,0.118
EURJPY,2012-08,32868,False,0,2.5,True,True,True,,,0.13
EURJPY,2012-09,28943,False,0,2.5,True,True,True,,,0.131
EURJPY,2012-10,33084,False,0,2.5,True,True,True,,,0.119
EURJPY,2012-11,31480,False,0,2.5,True,True,True,,,0.127
EURJPY,2012-12,27943,False,0,2.5,True,True,True,,,0.16
EURJPY,2013-01,31798,False,0,2.5,True,True,True,,,0.143
EURJPY,2013-02,28798,False,0,2.5,True,True,True,,,0.159
EURJPY,2013-03,30289,False,0,2.5,True,True,True,,,0.157
EURJPY,2013-04,31642,False,0,2.5,True,True,True,,,0.157
EURJPY,2013-05,32938,False,0,2.5,True,True,True,,,0.173
EURJPY,2013-06,28971,False,0,2.5,True,True,True,,,0.193
EURJPY,2013-07,33116,False,0,2.5,True,True,True,,,0.183
EURJPY,2013-08,31497,False,0,2.5,True,True,True,,,0.183
EURJPY,2013-09,30413,False,0,2.5,True,True,True,,,0.183
EURJPY,2013-10,33113,False,0,2.5,True,True,True,,,0.164
EURJPY,2013-11,30028,False,0,2.5,True,True,True,,,0.167
EURJPY,2013-12,29275,False,0,2.5,True,True,True,,,0.182
EURJPY,2014-01,31667,False,0,2.5,True,True,True,,,0.167
EURJPY,2014-02,28783,False,0,2.5,True,True,True,,,0.149
EURJPY,2014-03,30391,False,0,2.5,True,True,True,,,0.135
EURJPY,2014-04,31589,False,0,2.5,True,True,True,,,0.161
EURJPY,2014-05,31426,False,0,2.5,True,True,True,,,0.128
EURJPY,2014-06,29035,False,0,2.5,True,True,True,,,0.127
EURJPY,2014-07,33028,False,0,2.5,True,True,True,,,0.114
EURJPY,2014-08,30181,False,0,2.5,True,True,True,,,0.113
EURJPY,2014-09,31643,False,0,2.5,True,True,True,,,0.119
EURJPY,2014-10,32923,False,0,2.5,True,True,True,,,0.129
EURJPY,2014-11,28913,False,0,0.6,True,True,True,,,0.134
EURJPY,2014-12,31314,False,0,0.7,True,True,True,,,0.195
EURJPY,2015-01,30270,False,0,0.7,True,True,True,,,0.158
EURJPY,2015-02,28798,False,0,0.7,True,True,True,,,0.144
EURJPY,2015-03,31848,False,0,0.7,True,True,True,,,0.146
EURJPY,2015-04,31661,False,0,0.7,True,True,True,,,0.173
EURJPY,2015-05,30229,False,0,0.7,True,True,True,,,0.152
EURJPY,2015-06,31673,False,0,0.7,True,True,True,,,0.15
EURJPY,2015-07,32922,False,0,0.8,True,True,True,,,0.14
EURJPY,2015-08,30338,False,0,0.8,False,True,False,,,0.142
EURJPY,2015-09,31661,False,0,0.8,True,True,True,,,0.178
EURJPY,2015-10,31491,False,0,0.8,True,True,True,,,0.128
EURJPY,2015-11,30350,False,0,0.8,True,True,True,,,0.126
EURJPY,2015-12,31365,False,0,0.8,True,True,True,,,0.165
EURJPY,2016-01,28912,False,0,0.8,True,True,True,,,0.133
EURJPY,2016-02,30239,False,0,0.8,True,True,True,,,0.139
EURJPY,2016-03,33159,False,0,0.8,True,True,True,,,0.164
EURJPY,2016-04,30050,False,0,0.8,True,True,True,,,0.155
EURJPY,2016-05,31844,False,0,0.8,True,True,True,,,0.144
EURJPY,2016-06,31648,False,0,1.0,True,True,True,,,0.127
EURJPY,2016-07,30187,False,0,1.1,True,True,True,,,0.134
EURJPY,2016-08,33093,False,0,1.0,True,True,True,,,0.131
EURJPY,2016-09,31482,False,0,1.0,True,True,True,,,0.135
EURJPY,2016-10,30378,False,0,1.0,True,True,True,,,0.118
EURJPY,2016-11,31595,False,0,1.0,True,True,True,,,0.141
EURJPY,2016-12,30544,False,0,1.0,False,True,False,,,0.182
EURJPY,2017-01,31233,False,0,1.0,True,True,True,,,0.139
EURJPY,2017-02,28794,False,0,0.7,True,True,True,,,0.115
EURJPY,2017-03,32991,False,0,0.7,True,True,True,,,0.136
EURJPY,2017-04,28962,False,0,0.8,True,True,True,,,0.151
EURJPY,2017-05,33099,False,0,0.8,True,True,True,,,0.162
EURJPY,2017-06,31491,False,0,0.7,True,True,True,,,0.119
EURJPY,2017-07,30412,False,0,0.7,True,True,True,,,0.136
EURJPY,2017-08,33099,False,0,0.7,True,True,True,,,0.122
EURJPY,2017-09,30049,False,0,0.8,True,True,True,,,0.126
EURJPY,2017-10,31847,False,0,0.8,True,True,True,,,0.112
EURJPY,2017-11,31615,False,0,0.8,True,True,True,,,0.113
EURJPY,2017-12,28667,False,0,0.8,True,True,True,,,0.126
EURJPY,2018-01,31791,False,0,0.8,True,True,True,,,0.119
EURJPY,2018-02,28794,False,0,0.8,True,True,True,,,0.113
EURJPY,2018-03,31547,False,0,0.9,True,True,True,,,0.135
EURJPY,2018-04,30387,False,0,0.9,True,True,True,,,0.097
EURJPY,2018-05,33078,False,0,0.8,True,True,True,,,0.107
EURJPY,2018-06,30033,False,0,0.8,True,True,True,,,0.084
EURJPY,2018-07,31842,False,0,0.8,True,True,True,,,0.096
EURJPY,2018-08,32920,False,0,0.8,True,True,True,,,0.084
EURJPY,2018-09,28961,False,0,0.8,True,True,True,,,0.114
EURJPY,2018-10,33103,False,0,0.8,True,True,True,,,0.092
EURJPY,2018-11,31493,False,0,0.8,True,True,True,,,0.103
GBPJPY,2011-01,29584,False,0,7.0,True,True,False,,,0.549
GBPJPY,2011-02,27909,False,0,7.0,True,True,False,,,0.541
GBPJPY,2011-03,32188,False,0,7.0,True,True,False,,,0.545
GBPJPY,2011-04,29289,False,0,7.0,True,True,False,,,0.604
GBPJPY,2011-05,31237,False,0,7.0,True,True,False,,,0.609
GBPJPY,2011-06,31072,False,0,7.0,True,True,False,,,0.522
GBPJPY,2011-07,29419,False,0,7.0,True,True,False,,,0.575
GBPJPY,2011-08,32307,False,0,7.0,True,True,False,,,0.539
GBPJPY,2011-09,30456,False,0,7.0,True,True,False,,,0.613
GBPJPY,2011-10,29363,False,0,7.0,True,True,False,,,0.553
GBPJPY,2011-11,30556,False,0,7.0,True,True,False,,,0.652
GBPJPY,2011-12,30690,False,0,5.0,True,True,False,,,0.169
GBPJPY,2012-01,31092,False,0,5.0,True,True,False,,,0.139
GBPJPY,2012-02,30211,False,0,5.0,True,True,False,,,0.116
GBPJPY,2012-03,31485,False,0,5.0,True,True,False,,,0.11
GBPJPY,2012-04,30321,False,0,5.0,True,True,False,,,0.132
GBPJPY,2012-05,33029,False,0,5.0,True,True,False,,,0.128
GBPJPY,2012-06,30004,False,0,5.0,True,True,False,,,0.112
GBPJPY,2012-07,31775,False,0,5.0,True,True,False,,,0.103
GBPJPY,2012-08,32791,False,0,5.0,True,True,False,,,0.114
GBPJPY,2012-09,28858,False,0,5.0,True,True,False,,,0.111
GBPJPY,2012-10,32949,False,0,5.0,True,True,False,,,0.101
GBPJPY,2012-11,31380,False,0,5.0,True,True,False,,,0.11
GBPJPY,2012-12,27874,False,0,5.0,True,True,False,,,0.142
GBPJPY,2013-01,31782,False,0,5.0,True,True,False,,,0.113
GBPJPY,2013-02,28783,False,0,5.0,True,True,False,,,0.126
GBPJPY,2013-03,30258,False,0,5.0,True,True,False,,,0.144
GBPJPY,2013-04,31620,False,0,5.0,True,True,False,,,0.126
GBPJPY,2013-05,32908,False,0,5.0,True,True,False,,,0.133
GBPJPY,2013-06,28956,False,0,5.0,True,True,False,,,0.132
GBPJPY,2013-07,33061,False,0,5.0,True,True,False,,,0.151
GBPJPY,2013-08,31434,False,0,5.0,True,True,False,,,0.141
GBPJPY,2013-09,30309,False,0,5.0,True,True,False,,,0.142
GBPJPY,2013-10,33046,False,0,5.0,True,True,False,,,0.14
GBPJPY,2013-11,29974,False,0,5.0,True,True,False,,,0.147
GBPJPY,2013-12,29197,False,0,5.0,True,True,False,,,0.172
GBPJPY,2014-01,31642,False,0,5.0,True,True,False,,,0.151
GBPJPY,2014-02,28752,False,0,5.0,True,True,False,,,0.167
GBPJPY,2014-03,30375,False,0,5.0,True,True,False,,,0.162
GBPJPY,2014-04,31499,False,0,5.0,True,True,False,,,0.169
GBPJPY,2014-05,31328,False,0,5.0,True,True,False,,,0.167
GBPJPY,2014-06,28975,False,0,5.0,True,True,False,,,0.162
GBPJPY,2014-07,32937,False,0,5.0,True,True,False,,,0.126
GBPJPY,2014-08,30118,False,0,5.0,True,True,False,,,0.123
GBPJPY,2014-09,31622,False,0,5.0,True,True,False,,,0.139
GBPJPY,2014-10,32924,False,0,5.0,True,True,False,,,0.151
GBPJPY,2014-11,28880,False,0,1.0,True,True,True,,,0.15
GBPJPY,2014-12,31104,False,0,1.2,True,True,True,,,0.215
GBPJPY,2015-01,30197,False,0,1.1,True,True,True,,,0.168
GBPJPY,2015-02,28763,False,0,1.1,True,True,True,,,0.164
GBPJPY,2015-03,31815,False,0,1.1,True,True,True,,,0.159
GBPJPY,2015-04,31564,False,0,1.1,True,True,True,,,0.182
GBPJPY,2015-05,30158,False,0,1.2,True,True,True,,,0.19
GBPJPY,2015-06,31608,False,0,1.3,True,True,True,,,0.197
GBPJPY,2015-07,32827,False,0,1.3,True,True,True,,,0.189
GBPJPY,2015-08,30319,False,0,1.3,True,True,True,,,0.184
GBPJPY,2015-09,31627,False,0,1.3,True,True,True,,,0.193
GBPJPY,2015-10,31464,False,0,1.3,True,True,True,,,0.151
GBPJPY,2015-11,30320,False,0,1.3,True,True,True,,,0.141
GBPJPY,2015-12,31285,False,0,1.3,True,True,True,,,0.156
GBPJPY,2016-01,28899,False,0,1.3,True,True,True,,,0.133
GBPJPY,2016-02,30217,False,0,1.4,True,True,True,,,0.138
GBPJPY,2016-03,33083,False,0,1.3,True,True,True,,,0.162
GBPJPY,2016-04,30026,False,0,1.3,True,True,True,,,0.153
GBPJPY,2016-05,31695,False,0,1.3,True,True,True,,,0.161
GBPJPY,2016-06,31568,False,0,2.1,True,True,True,,,0.19
GBPJPY,2016-07,30048,False,0,2.2,True,True,True,,,0.163
GBPJPY,2016-08,32734,False,0,1.5,True,True,True,,,0.177
GBPJPY,2016-09,31199,False,0,1.5,True,True,True,,,0.152
GBPJPY,2016-10,30112,False,0,1.5,True,True,True,,,0.155
GBPJPY,2016-11,31360,False,0,1.7,True,True,True,,,0.163
GBPJPY,2016-12,30342,False,0,1.7,False,True,False,,,0.223
GBPJPY,2017-01,31070,False,0,1.5,True,True,True,,,0.165
GBPJPY,2017-02,28764,False,0,1.5,True,True,True,,,0.155
GBPJPY,2017-03,32934,False,0,1.5,True,True,True,,,0.145
GBPJPY,2017-04,28846,False,0,1.5,True,True,True,,,0.19
GBPJPY,2017-05,33006,False,0,1.5,True,True,True,,,0.192
GBPJPY,2017-06,31360,False,0,1.5,True,True,True,,,0.132
GBPJPY,2017-07,30252,False,0,1.5,True,True,True,,,0.156
GBPJPY,2017-08,32980,False,0,1.5,True,True,True,,,0.172
GBPJPY,2017-09,29953,False,0,1.4,True,True,True,,,0.133
GBPJPY,2017-10,31721,False,0,1.4,True,True,True,,,0.116
GBPJPY,2017-11,31526,False,0,1.4,True,True,True,,,0.135
GBPJPY,2017-12,28538,False,0,1.4,True,True,True,,,0.162
GBPJPY,2018-01,31736,False,0,1.4,True,True,True,,,0.129
GBPJPY,2018-02,28777,False,0,1.5,True,True,True,,,0.111
GBPJPY,2018-03,31514,False,0,1.5,True,True,True,,,0.14
GBPJPY,2018-04,30290,False,0,1.7,True,True,True,,,0.148
GBPJPY,2018-05,32989,False,0,1.7,True,True,True,,,0.156
GBPJPY,2018-06,29989,False,0,1.7,True,True,True,,,0.123
GBPJPY,2018-07,31741,False,0,1.7,True,True,True,,,0.144
GBPJPY,2018-08,32812,False,0,1.6,True,True,True,,,0.148
GBPJPY,2018-09,28840,False,0,1.6,True,True,True,,,0.173
GBPJPY,2018-10,33056,False,0,1.6,True,True,True,,,0.136
GBPJPY,2018-11,31465,False,0,1.8,True,True,True,,,0.16
EURGBP,2011-01,27442,False,0,4.0,True,True,False,,,0.475
EURGBP,2011-02,25058,True,0,4.0,True,True,False,,,0.464
EURGBP,2011-03,28052,False,0,4.0,True,True,False,,,0.47
EURGBP,2011-04,25767,True,0,4.0,True,True,False,,,0.458
EURGBP,2011-05,28909,False,0,4.0,True,True,False,,,0.465
EURGBP,2011-06,28353,False,0,4.0,True,True,False,,,0.488
EURGBP,2011-07,27347,False,0,4.0,True,True,False,,,0.451
EURGBP,2011-08,30205,False,0,4.0,True,True,False,,,0.481
EURGBP,2011-09,29237,False,0,4.0,True,True,False,,,0.491
EURGBP,2011-10,28015,False,0,4.0,True,True,False,,,0.456
EURGBP,2011-11,28297,False,0,4.0,True,True,False,,,0.46
EURGBP,2011-12,30478,False,0,2.0,True,True,True,,,0.176
EURGBP,2012-01,31126,False,0,2.0,True,True,True,,,0.154
EURGBP,2012-02,30172,False,0,2.0,True,True,True,,,0.128
EURGBP,2012-03,31392,False,0,2.0,True,True,True,,,0.123
EURGBP,2012-04,30146,False,0,2.0,True,True,True,,,0.134
EURGBP,2012-05,32895,False,0,2.0,True,True,True,,,0.14
EURGBP,2012-06,29868,False,0,2.0,True,True,True,,,0.14
EURGBP,2012-07,31619,False,0,2.0,True,True,True,,,0.137
EURGBP,2012-08,32499,False,0,2.0,True,True,True,,,0.14
EURGBP,2012-09,28658,False,0,2.0,True,True,True,,,0.134
EURGBP,2012-10,32340,False,0,2.0,True,True,True,,,0.13
EURGBP,2012-11,30725,False,0,2.0,True,True,True,,,0.136
EURGBP,2012-12,27214,False,0,2.0,True,True,True,,,0.126
EURGBP,2013-01,31456,False,0,2.0,True,True,True,,,0.131
EURGBP,2013-02,28469,False,0,2.0,True,True,True,,,0.141
EURGBP,2013-03,30091,False,0,2.0,True,True,True,,,0.14
EURGBP,2013-04,31390,False,0,2.0,True,True,True,,,0.13
EURGBP,2013-05,32617,False,0,2.0,True,True,True,,,0.141
EURGBP,2013-06,28815,False,0,2.0,True,True,True,,,0.136
EURGBP,2013-07,32759,False,0,2.0,True,True,True,,,0.136
EURGBP,2013-08,30858,False,0,2.0,True,True,True,,,0.134
EURGBP,2013-09,29619,False,0,2.0,True,True,True,,,0.14
EURGBP,2013-10,32458,False,0,2.0,True,True,True,,,0.13
EURGBP,2013-11,29640,False,0,2.0,True,True,True,,,0.125
EURGBP,2013-12,28760,False,0,2.0,True,True,True,,,0.13
EURGBP,2014-01,31176,False,0,2.0,True,True,True,,,0.141
EURGBP,2014-02,28187,False,0,2.0,True,True,True,,,0.133
EURGBP,2014-03,29650,False,0,2.0,True,True,True,,,0.118
EURGBP,2014-04,30509,False,0,2.0,True,True,True,,,0.112
EURGBP,2014-05,30164,False,0,2.0,True,True,True,,,0.105
EURGBP,2014-06,27766,False,0,2.0,True,True,True,,,0.103
EURGBP,2014-07,31327,False,0,2.0,True,True,True,,,0.097
EURGBP,2014-08,29135,False,0,2.0,True,True,True,,,0.092
EURGBP,2014-09,30913,False,0,2.0,True,True,True,,,0.097
EURGBP,2014-10,32496,False,0,2.0,True,True,True,,,0.106
EURGBP,2014-11,28816,False,0,0.3,True,True,True,,,0.093
EURGBP,2014-12,30647,False,0,0.4,True,True,True,,,0.119
EURGBP,2015-01,30035,False,0,0.4,True,True,True,,,0.111
EURGBP,2015-02,28482,False,0,0.4,True,True,True,,,0.098
EURGBP,2015-03,31693,False,0,0.4,True,True,True,,,0.093
EURGBP,2015-04,31477,False,0,0.4,True,True,True,,,0.104
EURGBP,2015-05,30106,False,0,0.4,True,True,True,,,0.101
EURGBP,2015-06,31504,False,0,0.4,True,True,True,,,0.094
EURGBP,2015-07,32799,False,0,0.5,True,True,True,,,0.086
EURGBP,2015-08,30241,False,0,0.5,True,True,True,,,0.097
EURGBP,2015-09,31502,False,0,0.5,True,True,True,,,0.105
EURGBP,2015-10,31343,False,0,0.5,True,True,True,,,0.083
EURGBP,2015-11,30225,False,0,0.5,True,True,True,,,0.074
EURGBP,2015-12,31262,False,0,0.5,True,True,True,,,0.081
EURGBP,2016-01,28897,False,0,0.5,True,True,True,,,0.081
EURGBP,2016-02,30219,False,0,0.6,True,True,True,,,0.086
EURGBP,2016-03,33019,False,0,0.5,True,True,True,,,0.096
EURGBP,2016-04,29988,False,0,0.5,True,True,True,,,0.095
EURGBP,2016-05,31746,False,0,0.5,True,True,True,,,0.092
EURGBP,2016-06,31634,False,0,0.8,True,True,True,,,0.104
EURGBP,2016-07,30072,False,0,1.0,True,True,True,,,0.136
EURGBP,2016-08,32706,False,0,0.7,True,True,True,,,0.133
EURGBP,2016-09,31243,False,0,0.6,True,True,True,,,0.09
EURGBP,2016-10,30224,False,0,0.7,True,True,True,,,0.108
EURGBP,2016-11,31544,False,0,0.8,True,True,True,,,0.123
EURGBP,2016-12,30410,False,0,0.8,False,True,False,,,0.144
EURGBP,2017-01,31160,False,0,0.7,True,True,True,,,0.119
EURGBP,2017-02,28729,False,0,0.6,True,True,True,,,0.109
EURGBP,2017-03,32893,False,0,0.7,True,True,True,,,0.113
EURGBP,2017-04,28834,False,0,0.7,True,True,True,,,0.105
EURGBP,2017-05,32943,False,0,0.7,True,True,True,,,0.109
EURGBP,2017-06,31267,False,0,0.7,True,True,True,,,0.103
EURGBP,2017-07,30215,False,0,0.7,True,True,True,,,0.107
EURGBP,2017-08,32919,False,0,0.7,True,True,True,,,0.116
EURGBP,2017-09,29887,False,0,0.7,True,True,True,,,0.106
EURGBP,2017-10,31585,False,0,0.7,True,True,True,,,0.095
EURGBP,2017-11,31371,False,0,0.7,True,True,True,,,0.097
EURGBP,2017-12,28451,False,0,0.7,True,True,True,,,0.102
EURGBP,2018-01,31676,False,0,0.7,True,True,True,,,0.093
EURGBP,2018-02,28706,False,0,0.7,True,True,True,,,0.092
EURGBP,2018-03,31251,False,0,0.7,True,True,True,,,0.093
EURGBP,2018-04,29726,False,0,0.8,True,True,True,,,0.094
EURGBP,2018-05,32567,False,0,0.8,True,True,True,,,0.1
EURGBP,2018-06,29661,False,0,0.8,True,True,True,,,0.084
EURGBP,2018-07,31498,False,0,0.8,True,True,True,,,0.087
EURGBP,2018-08,32465,False,0,0.8,True,True,True,,,0.096
EURGBP,2018-09,28598,False,0,0.8,True,True,True,,,0.09
EURGBP,2018-10,32849,False,0,0.9,True,True,True,,,0.089
EURGBP,2018-11,31257,False,0,1.0,True,True,True,,,0.094
